{"type":"FeatureCollection","bbox":[0.0,0.0,-1.0,-1.0],"features":[{"type":"Feature","properties":{"region":"Country","seifa_advdis_score_advdis_score":965.0,"lga_code11":"20570","adult_population_2018":82673,"seifa_dis_rank_state":29,"egms_per_1000_adults_2018":8,"total_net_expenditure_aud":5.576396538E7,"exp_per_adult_2018_aud":675.0,"seifa_dis_rank_country":4,"adults_per_venue_2018":5512,"unemployment_rate_as_at_june_2018":4.6,"lga_name":"Ballarat (C)","seifa_dis_score_dis_score":980.0,"workforce_as_at_june_2018":52662,"seifa_advdis_rank_country":4,"seifa_advdis_rank_metro":null,"unemployed_as_at_june_2018":2439,"seifa_dis_rank_metro":null,"lga":"C20","seifa_advdis_rank_state":32},"id":"vcglr_egm_density_expenditure_lga_2017_2018.20570"},{"type":"Feature","properties":{"region":"Metro","seifa_advdis_score_advdis_score":1055.0,"lga_code11":"20660","adult_population_2018":102424,"seifa_dis_rank_state":70,"egms_per_1000_adults_2018":6,"total_net_expenditure_aud":5.853690689E7,"exp_per_adult_2018_aud":572.0,"seifa_dis_rank_country":null,"adults_per_venue_2018":11380,"unemployment_rate_as_at_june_2018":3.4,"lga_name":"Banyule (C)","seifa_dis_score_dis_score":1055.0,"workforce_as_at_june_2018":73527,"seifa_advdis_rank_country":null,"seifa_advdis_rank_metro":9,"unemployed_as_at_june_2018":2519,"seifa_dis_rank_metro":9,"lga":"M15","seifa_advdis_rank_state":67},"id":"vcglr_egm_density_expenditure_lga_2017_2018.20660"},{"type":"Feature","properties":{"region":"Country","seifa_advdis_score_advdis_score":945.0,"lga_code11":"20740","adult_population_2018":28145,"seifa_dis_rank_state":22,"egms_per_1000_adults_2018":8,"total_net_expenditure_aud":1.76755423E7,"exp_per_adult_2018_aud":628.0,"seifa_dis_rank_country":3,"adults_per_venue_2018":5629,"unemployment_rate_as_at_june_2018":7.0,"lga_name":"Bass Coast (S)","seifa_dis_score_dis_score":967.0,"workforce_as_at_june_2018":15646,"seifa_advdis_rank_country":3,"seifa_advdis_rank_metro":null,"unemployed_as_at_june_2018":1095,"seifa_dis_rank_metro":null,"lga":"C29","seifa_advdis_rank_state":21},"id":"vcglr_egm_density_expenditure_lga_2017_2018.20740"},{"type":"Feature","properties":{"region":"Country","seifa_advdis_score_advdis_score":976.0,"lga_code11":"20830","adult_population_2018":39631,"seifa_dis_rank_state":46,"egms_per_1000_adults_2018":6,"total_net_expenditure_aud":1.64280738E7,"exp_per_adult_2018_aud":415.0,"seifa_dis_rank_country":6,"adults_per_venue_2018":9908,"unemployment_rate_as_at_june_2018":4.8,"lga_name":"Baw Baw (S)","seifa_dis_score_dis_score":997.0,"workforce_as_at_june_2018":25532,"seifa_advdis_rank_country":5,"seifa_advdis_rank_metro":null,"unemployed_as_at_june_2018":1216,"seifa_dis_rank_metro":null,"lga":"C6","seifa_advdis_rank_state":40},"id":"vcglr_egm_density_expenditure_lga_2017_2018.20830"},{"type":"Feature","properties":{"region":"Metro","seifa_advdis_score_advdis_score":1125.0,"lga_code11":"20910","adult_population_2018":81419,"seifa_dis_rank_state":79,"egms_per_1000_adults_2018":3,"total_net_expenditure_aud":1.537866922E7,"exp_per_adult_2018_aud":189.0,"seifa_dis_rank_country":null,"adults_per_venue_2018":16284,"unemployment_rate_as_at_june_2018":3.3,"lga_name":"Bayside (C)","seifa_dis_score_dis_score":1097.0,"workforce_as_at_june_2018":54715,"seifa_advdis_rank_country":null,"seifa_advdis_rank_metro":10,"unemployed_as_at_june_2018":1815,"seifa_dis_rank_metro":10,"lga":"M8","seifa_advdis_rank_state":79},"id":"vcglr_egm_density_expenditure_lga_2017_2018.20910"},{"type":"Feature","properties":{"region":"Country","seifa_advdis_score_advdis_score":936.0,"lga_code11":"21010","adult_population_2018":11312,"seifa_dis_rank_state":16,"egms_per_1000_adults_2018":9,"total_net_expenditure_aud":5514191.58,"exp_per_adult_2018_aud":487.0,"seifa_dis_rank_country":2,"adults_per_venue_2018":3771,"unemployment_rate_as_at_june_2018":4.0,"lga_name":"Benalla (RC)","seifa_dis_score_dis_score":951.0,"workforce_as_at_june_2018":6979,"seifa_advdis_rank_country":2,"seifa_advdis_rank_metro":null,"unemployed_as_at_june_2018":280,"seifa_dis_rank_metro":null,"lga":"C48","seifa_advdis_rank_state":15},"id":"vcglr_egm_density_expenditure_lga_2017_2018.21010"},{"type":"Feature","properties":{"region":"Metro","seifa_advdis_score_advdis_score":1128.0,"lga_code11":"21110","adult_population_2018":142955,"seifa_dis_rank_state":78,"egms_per_1000_adults_2018":1,"total_net_expenditure_aud":2.032575729E7,"exp_per_adult_2018_aud":142.0,"seifa_dis_rank_country":null,"adults_per_venue_2018":35739,"unemployment_rate_as_at_june_2018":3.9,"lga_name":"Boroondara (C)","seifa_dis_score_dis_score":1097.0,"workforce_as_at_june_2018":102650,"seifa_advdis_rank_country":null,"seifa_advdis_rank_metro":10,"unemployed_as_at_june_2018":4020,"seifa_dis_rank_metro":10,"lga":"M12","seifa_advdis_rank_state":80},"id":"vcglr_egm_density_expenditure_lga_2017_2018.21110"},{"type":"Feature","properties":{"region":"Country","seifa_advdis_score_advdis_score":970.0,"lga_code11":"20110","adult_population_2018":10180,"seifa_dis_rank_state":39,"egms_per_1000_adults_2018":6,"total_net_expenditure_aud":2237652.84,"exp_per_adult_2018_aud":220.0,"seifa_dis_rank_country":5,"adults_per_venue_2018":5090,"unemployment_rate_as_at_june_2018":2.5,"lga_name":"Alpine (S)","seifa_dis_score_dis_score":994.0,"workforce_as_at_june_2018":6510,"seifa_advdis_rank_country":5,"seifa_advdis_rank_metro":null,"unemployed_as_at_june_2018":160,"seifa_dis_rank_metro":null,"lga":"C2","seifa_advdis_rank_state":35},"id":"vcglr_egm_density_expenditure_lga_2017_2018.20110"},{"type":"Feature","properties":{"region":"Country","seifa_advdis_score_advdis_score":931.0,"lga_code11":"20260","adult_population_2018":9620,"seifa_dis_rank_state":8,"egms_per_1000_adults_2018":9,"total_net_expenditure_aud":5259572.75,"exp_per_adult_2018_aud":547.0,"seifa_dis_rank_country":1,"adults_per_venue_2018":4810,"unemployment_rate_as_at_june_2018":4.2,"lga_name":"Ararat (RC)","seifa_dis_score_dis_score":942.0,"workforce_as_at_june_2018":6093,"seifa_advdis_rank_country":2,"seifa_advdis_rank_metro":null,"unemployed_as_at_june_2018":258,"seifa_dis_rank_metro":null,"lga":"C43","seifa_advdis_rank_state":9},"id":"vcglr_egm_density_expenditure_lga_2017_2018.20260"},{"type":"Feature","properties":{"region":"Metro","seifa_advdis_score_advdis_score":930.0,"lga_code11":"21180","adult_population_2018":163999,"seifa_dis_rank_state":3,"egms_per_1000_adults_2018":6,"total_net_expenditure_aud":1.3950722515E8,"exp_per_adult_2018_aud":851.0,"seifa_dis_rank_country":null,"adults_per_venue_2018":10933,"unemployment_rate_as_at_june_2018":10.9,"lga_name":"Brimbank (C)","seifa_dis_score_dis_score":921.0,"workforce_as_at_june_2018":105848,"seifa_advdis_rank_country":null,"seifa_advdis_rank_metro":1,"unemployed_as_at_june_2018":11547,"seifa_dis_rank_metro":1,"lga":"M28","seifa_advdis_rank_state":7},"id":"vcglr_egm_density_expenditure_lga_2017_2018.21180"},{"type":"Feature","properties":{"region":"Country","seifa_advdis_score_advdis_score":949.0,"lga_code11":"21270","adult_population_2018":4879,"seifa_dis_rank_state":24,"egms_per_1000_adults_2018":null,"total_net_expenditure_aud":null,"exp_per_adult_2018_aud":null,"seifa_dis_rank_country":3,"adults_per_venue_2018":null,"unemployment_rate_as_at_june_2018":3.3,"lga_name":"Buloke (S)","seifa_dis_score_dis_score":967.0,"workforce_as_at_june_2018":3234,"seifa_advdis_rank_country":3,"seifa_advdis_rank_metro":0,"unemployed_as_at_june_2018":106,"seifa_dis_rank_metro":null,"lga":"C7","seifa_advdis_rank_state":23},"id":"vcglr_egm_density_expenditure_lga_2017_2018.21270"},{"type":"Feature","properties":{"region":"Country","seifa_advdis_score_advdis_score":943.0,"lga_code11":"21370","adult_population_2018":29440,"seifa_dis_rank_state":23,"egms_per_1000_adults_2018":7,"total_net_expenditure_aud":8265372.85,"exp_per_adult_2018_aud":281.0,"seifa_dis_rank_country":3,"adults_per_venue_2018":7360,"unemployment_rate_as_at_june_2018":5.1,"lga_name":"Campaspe (S)","seifa_dis_score_dis_score":967.0,"workforce_as_at_june_2018":19167,"seifa_advdis_rank_country":3,"seifa_advdis_rank_metro":null,"unemployed_as_at_june_2018":970,"seifa_dis_rank_metro":null,"lga":"C10","seifa_advdis_rank_state":20},"id":"vcglr_egm_density_expenditure_lga_2017_2018.21370"},{"type":"Feature","properties":{"region":"Metro","seifa_advdis_score_advdis_score":996.0,"lga_code11":"21450","adult_population_2018":78372,"seifa_dis_rank_state":59,"egms_per_1000_adults_2018":4,"total_net_expenditure_aud":2.904689953E7,"exp_per_adult_2018_aud":371.0,"seifa_dis_rank_country":null,"adults_per_venue_2018":15674,"unemployment_rate_as_at_june_2018":6.7,"lga_name":"Cardinia (S)","seifa_dis_score_dis_score":1021.0,"workforce_as_at_june_2018":57338,"seifa_advdis_rank_country":null,"seifa_advdis_rank_metro":8,"unemployed_as_at_june_2018":3829,"seifa_dis_rank_metro":8,"lga":"M24","seifa_advdis_rank_state":52},"id":"vcglr_egm_density_expenditure_lga_2017_2018.21450"},{"type":"Feature","properties":{"region":"Metro","seifa_advdis_score_advdis_score":991.0,"lga_code11":"21610","adult_population_2018":249136,"seifa_dis_rank_state":49,"egms_per_1000_adults_2018":4,"total_net_expenditure_aud":1.3151417464E8,"exp_per_adult_2018_aud":528.0,"seifa_dis_rank_country":null,"adults_per_venue_2018":19164,"unemployment_rate_as_at_june_2018":6.9,"lga_name":"Casey (C)","seifa_dis_score_dis_score":1004.0,"workforce_as_at_june_2018":181419,"seifa_advdis_rank_country":null,"seifa_advdis_rank_metro":7,"unemployed_as_at_june_2018":12544,"seifa_dis_rank_metro":7,"lga":"M23","seifa_advdis_rank_state":50},"id":"vcglr_egm_density_expenditure_lga_2017_2018.21610"},{"type":"Feature","properties":{"region":"Country","seifa_advdis_score_advdis_score":870.0,"lga_code11":"21670","adult_population_2018":10706,"seifa_dis_rank_state":1,"egms_per_1000_adults_2018":9,"total_net_expenditure_aud":7688927.1,"exp_per_adult_2018_aud":718.0,"seifa_dis_rank_country":1,"adults_per_venue_2018":5353,"unemployment_rate_as_at_june_2018":7.4,"lga_name":"Central Goldfields (S)","seifa_dis_score_dis_score":889.0,"workforce_as_at_june_2018":5273,"seifa_advdis_rank_country":1,"seifa_advdis_rank_metro":null,"unemployed_as_at_june_2018":389,"seifa_dis_rank_metro":null,"lga":"C31","seifa_advdis_rank_state":1},"id":"vcglr_egm_density_expenditure_lga_2017_2018.21670"},{"type":"Feature","properties":{"region":"Country","seifa_advdis_score_advdis_score":939.0,"lga_code11":"21750","adult_population_2018":16941,"seifa_dis_rank_state":20,"egms_per_1000_adults_2018":6,"total_net_expenditure_aud":7720086.3,"exp_per_adult_2018_aud":456.0,"seifa_dis_rank_country":3,"adults_per_venue_2018":3388,"unemployment_rate_as_at_june_2018":3.0,"lga_name":"Colac-Otway (S)","seifa_dis_score_dis_score":961.0,"workforce_as_at_june_2018":11821,"seifa_advdis_rank_country":3,"seifa_advdis_rank_metro":null,"unemployed_as_at_june_2018":353,"seifa_dis_rank_metro":null,"lga":"C18","seifa_advdis_rank_state":19},"id":"vcglr_egm_density_expenditure_lga_2017_2018.21750"},{"type":"Feature","properties":{"region":"Country","seifa_advdis_score_advdis_score":959.0,"lga_code11":"21830","adult_population_2018":12485,"seifa_dis_rank_state":28,"egms_per_1000_adults_2018":5,"total_net_expenditure_aud":2522705.5,"exp_per_adult_2018_aud":202.0,"seifa_dis_rank_country":4,"adults_per_venue_2018":6242,"unemployment_rate_as_at_june_2018":2.6,"lga_name":"Corangamite (S)","seifa_dis_score_dis_score":977.0,"workforce_as_at_june_2018":8979,"seifa_advdis_rank_country":4,"seifa_advdis_rank_metro":null,"unemployed_as_at_june_2018":230,"seifa_dis_rank_metro":null,"lga":"C3","seifa_advdis_rank_state":28},"id":"vcglr_egm_density_expenditure_lga_2017_2018.21830"},{"type":"Feature","properties":{"region":"Metro","seifa_advdis_score_advdis_score":1020.0,"lga_code11":"21890","adult_population_2018":131216,"seifa_dis_rank_state":50,"egms_per_1000_adults_2018":6,"total_net_expenditure_aud":8.21296077E7,"exp_per_adult_2018_aud":626.0,"seifa_dis_rank_country":null,"adults_per_venue_2018":10935,"unemployment_rate_as_at_june_2018":5.9,"lga_name":"Darebin (C)","seifa_dis_score_dis_score":1004.0,"workforce_as_at_june_2018":89273,"seifa_advdis_rank_country":null,"seifa_advdis_rank_metro":7,"unemployed_as_at_june_2018":5228,"seifa_dis_rank_metro":7,"lga":"M11","seifa_advdis_rank_state":60},"id":"vcglr_egm_density_expenditure_lga_2017_2018.21890"},{"type":"Feature","properties":{"region":"Country","seifa_advdis_score_advdis_score":937.0,"lga_code11":"22110","adult_population_2018":37576,"seifa_dis_rank_state":19,"egms_per_1000_adults_2018":9,"total_net_expenditure_aud":2.438776616E7,"exp_per_adult_2018_aud":649.0,"seifa_dis_rank_country":3,"adults_per_venue_2018":3758,"unemployment_rate_as_at_june_2018":8.1,"lga_name":"East Gippsland (S)","seifa_dis_score_dis_score":958.0,"workforce_as_at_june_2018":20941,"seifa_advdis_rank_country":2,"seifa_advdis_rank_metro":null,"unemployed_as_at_june_2018":1701,"seifa_dis_rank_metro":null,"lga":"C28","seifa_advdis_rank_state":16},"id":"vcglr_egm_density_expenditure_lga_2017_2018.22110"},{"type":"Feature","properties":{"region":"Metro","seifa_advdis_score_advdis_score":981.0,"lga_code11":"22170","adult_population_2018":110026,"seifa_dis_rank_state":48,"egms_per_1000_adults_2018":5,"total_net_expenditure_aud":6.46222914E7,"exp_per_adult_2018_aud":587.0,"seifa_dis_rank_country":null,"adults_per_venue_2018":12225,"unemployment_rate_as_at_june_2018":6.6,"lga_name":"Frankston (C)","seifa_dis_score_dis_score":1001.0,"workforce_as_at_june_2018":75558,"seifa_advdis_rank_country":null,"seifa_advdis_rank_metro":6,"unemployed_as_at_june_2018":5021,"seifa_dis_rank_metro":6,"lga":"M22","seifa_advdis_rank_state":46},"id":"vcglr_egm_density_expenditure_lga_2017_2018.22170"},{"type":"Feature","properties":{"region":"Country","seifa_advdis_score_advdis_score":934.0,"lga_code11":"22250","adult_population_2018":8447,"seifa_dis_rank_state":18,"egms_per_1000_adults_2018":5,"total_net_expenditure_aud":1915570.57,"exp_per_adult_2018_aud":227.0,"seifa_dis_rank_country":3,"adults_per_venue_2018":8447,"unemployment_rate_as_at_june_2018":3.3,"lga_name":"Gannawarra (S)","seifa_dis_score_dis_score":957.0,"workforce_as_at_june_2018":5453,"seifa_advdis_rank_country":2,"seifa_advdis_rank_metro":null,"unemployed_as_at_june_2018":182,"seifa_dis_rank_metro":null,"lga":"C38","seifa_advdis_rank_state":13},"id":"vcglr_egm_density_expenditure_lga_2017_2018.22250"},{"type":"Feature","properties":{"region":"Country","seifa_advdis_score_advdis_score":937.0,"lga_code11":"22830","adult_population_2018":50440,"seifa_dis_rank_state":14,"egms_per_1000_adults_2018":7,"total_net_expenditure_aud":3.33430942E7,"exp_per_adult_2018_aud":661.0,"seifa_dis_rank_country":2,"adults_per_venue_2018":6305,"unemployment_rate_as_at_june_2018":6.5,"lga_name":"Greater Shepparton (C)","seifa_dis_score_dis_score":948.0,"workforce_as_at_june_2018":33688,"seifa_advdis_rank_country":3,"seifa_advdis_rank_metro":null,"unemployed_as_at_june_2018":2197,"seifa_dis_rank_metro":null,"lga":"C24","seifa_advdis_rank_state":18},"id":"vcglr_egm_density_expenditure_lga_2017_2018.22830"},{"type":"Feature","properties":{"region":"Country","seifa_advdis_score_advdis_score":979.0,"lga_code11":"22910","adult_population_2018":12935,"seifa_dis_rank_state":44,"egms_per_1000_adults_2018":4,"total_net_expenditure_aud":2772107.27,"exp_per_adult_2018_aud":214.0,"seifa_dis_rank_country":6,"adults_per_venue_2018":6468,"unemployment_rate_as_at_june_2018":3.1,"lga_name":"Hepburn (S)","seifa_dis_score_dis_score":995.0,"workforce_as_at_june_2018":7680,"seifa_advdis_rank_country":6,"seifa_advdis_rank_metro":null,"unemployed_as_at_june_2018":241,"seifa_dis_rank_metro":null,"lga":"C26","seifa_advdis_rank_state":43},"id":"vcglr_egm_density_expenditure_lga_2017_2018.22910"},{"type":"Feature","properties":{"region":"Country","seifa_advdis_score_advdis_score":931.0,"lga_code11":"22980","adult_population_2018":4567,"seifa_dis_rank_state":10,"egms_per_1000_adults_2018":null,"total_net_expenditure_aud":null,"exp_per_adult_2018_aud":null,"seifa_dis_rank_country":2,"adults_per_venue_2018":null,"unemployment_rate_as_at_june_2018":3.6,"lga_name":"Hindmarsh (S)","seifa_dis_score_dis_score":945.0,"workforce_as_at_june_2018":2877,"seifa_advdis_rank_country":2,"seifa_advdis_rank_metro":0,"unemployed_as_at_june_2018":103,"seifa_dis_rank_metro":null,"lga":"C8","seifa_advdis_rank_state":10},"id":"vcglr_egm_density_expenditure_lga_2017_2018.22980"},{"type":"Feature","properties":{"region":"Metro","seifa_advdis_score_advdis_score":1020.0,"lga_code11":"23110","adult_population_2018":74967,"seifa_dis_rank_state":55,"egms_per_1000_adults_2018":7,"total_net_expenditure_aud":4.743737043E7,"exp_per_adult_2018_aud":633.0,"seifa_dis_rank_country":null,"adults_per_venue_2018":8330,"unemployment_rate_as_at_june_2018":5.9,"lga_name":"Hobsons Bay (C)","seifa_dis_score_dis_score":1015.0,"workforce_as_at_june_2018":53262,"seifa_advdis_rank_country":null,"seifa_advdis_rank_metro":7,"unemployed_as_at_june_2018":3119,"seifa_dis_rank_metro":7,"lga":"M3","seifa_advdis_rank_state":59},"id":"vcglr_egm_density_expenditure_lga_2017_2018.23110"},{"type":"Feature","properties":{"region":"Country","seifa_advdis_score_advdis_score":958.0,"lga_code11":"23190","adult_population_2018":15367,"seifa_dis_rank_state":30,"egms_per_1000_adults_2018":10,"total_net_expenditure_aud":9511776.16,"exp_per_adult_2018_aud":619.0,"seifa_dis_rank_country":4,"adults_per_venue_2018":5122,"unemployment_rate_as_at_june_2018":3.3,"lga_name":"Horsham (RC)","seifa_dis_score_dis_score":980.0,"workforce_as_at_june_2018":11201,"seifa_advdis_rank_country":4,"seifa_advdis_rank_metro":null,"unemployed_as_at_june_2018":371,"seifa_dis_rank_metro":null,"lga":"C5","seifa_advdis_rank_state":27},"id":"vcglr_egm_density_expenditure_lga_2017_2018.23190"},{"type":"Feature","properties":{"region":"Metro","seifa_advdis_score_advdis_score":947.0,"lga_code11":"23270","adult_population_2018":166436,"seifa_dis_rank_state":13,"egms_per_1000_adults_2018":5,"total_net_expenditure_aud":1.0962380477E8,"exp_per_adult_2018_aud":659.0,"seifa_dis_rank_country":null,"adults_per_venue_2018":11888,"unemployment_rate_as_at_june_2018":9.1,"lga_name":"Hume (C)","seifa_dis_score_dis_score":947.0,"workforce_as_at_june_2018":108094,"seifa_advdis_rank_country":null,"seifa_advdis_rank_metro":2,"unemployed_as_at_june_2018":9864,"seifa_dis_rank_metro":2,"lga":"M27","seifa_advdis_rank_state":22},"id":"vcglr_egm_density_expenditure_lga_2017_2018.23270"},{"type":"Feature","properties":{"region":"Country","seifa_advdis_score_advdis_score":995.0,"lga_code11":"23350","adult_population_2018":12811,"seifa_dis_rank_state":57,"egms_per_1000_adults_2018":null,"total_net_expenditure_aud":null,"exp_per_adult_2018_aud":null,"seifa_dis_rank_country":8,"adults_per_venue_2018":null,"unemployment_rate_as_at_june_2018":2.4,"lga_name":"Indigo (S)","seifa_dis_score_dis_score":1016.0,"workforce_as_at_june_2018":8689,"seifa_advdis_rank_country":7,"seifa_advdis_rank_metro":0,"unemployed_as_at_june_2018":209,"seifa_dis_rank_metro":null,"lga":"C35","seifa_advdis_rank_state":51},"id":"vcglr_egm_density_expenditure_lga_2017_2018.23350"},{"type":"Feature","properties":{"region":"Metro","seifa_advdis_score_advdis_score":1042.0,"lga_code11":"23430","adult_population_2018":129252,"seifa_dis_rank_state":65,"egms_per_1000_adults_2018":7,"total_net_expenditure_aud":8.628086883E7,"exp_per_adult_2018_aud":668.0,"seifa_dis_rank_country":null,"adults_per_venue_2018":8078,"unemployment_rate_as_at_june_2018":5.4,"lga_name":"Kingston (C)","seifa_dis_score_dis_score":1044.0,"workforce_as_at_june_2018":88992,"seifa_advdis_rank_country":null,"seifa_advdis_rank_metro":9,"unemployed_as_at_june_2018":4829,"seifa_dis_rank_metro":9,"lga":"M20","seifa_advdis_rank_state":64},"id":"vcglr_egm_density_expenditure_lga_2017_2018.23430"},{"type":"Feature","properties":{"region":"Metro","seifa_advdis_score_advdis_score":1032.0,"lga_code11":"23670","adult_population_2018":128640,"seifa_dis_rank_state":68,"egms_per_1000_adults_2018":6,"total_net_expenditure_aud":7.586023452E7,"exp_per_adult_2018_aud":590.0,"seifa_dis_rank_country":null,"adults_per_venue_2018":11695,"unemployment_rate_as_at_june_2018":3.8,"lga_name":"Knox (C)","seifa_dis_score_dis_score":1048.0,"workforce_as_at_june_2018":92720,"seifa_advdis_rank_country":null,"seifa_advdis_rank_metro":9,"unemployed_as_at_june_2018":3511,"seifa_dis_rank_metro":9,"lga":"M18","seifa_advdis_rank_state":62},"id":"vcglr_egm_density_expenditure_lga_2017_2018.23670"},{"type":"Feature","properties":{"region":"Country","seifa_advdis_score_advdis_score":916.0,"lga_code11":"23810","adult_population_2018":58536,"seifa_dis_rank_state":4,"egms_per_1000_adults_2018":9,"total_net_expenditure_aud":4.466921668E7,"exp_per_adult_2018_aud":763.0,"seifa_dis_rank_country":1,"adults_per_venue_2018":4503,"unemployment_rate_as_at_june_2018":9.5,"lga_name":"Latrobe (C)","seifa_dis_score_dis_score":931.0,"workforce_as_at_june_2018":36840,"seifa_advdis_rank_country":1,"seifa_advdis_rank_metro":null,"unemployed_as_at_june_2018":3502,"seifa_dis_rank_metro":null,"lga":"C30","seifa_advdis_rank_state":3},"id":"vcglr_egm_density_expenditure_lga_2017_2018.23810"},{"type":"Feature","properties":{"region":"Country","seifa_advdis_score_advdis_score":932.0,"lga_code11":"23940","adult_population_2018":6040,"seifa_dis_rank_state":9,"egms_per_1000_adults_2018":null,"total_net_expenditure_aud":null,"exp_per_adult_2018_aud":null,"seifa_dis_rank_country":2,"adults_per_venue_2018":null,"unemployment_rate_as_at_june_2018":8.2,"lga_name":"Loddon (S)","seifa_dis_score_dis_score":942.0,"workforce_as_at_june_2018":3215,"seifa_advdis_rank_country":2,"seifa_advdis_rank_metro":0,"unemployed_as_at_june_2018":265,"seifa_dis_rank_metro":null,"lga":"C46","seifa_advdis_rank_state":12},"id":"vcglr_egm_density_expenditure_lga_2017_2018.23940"},{"type":"Feature","properties":{"region":"Country","seifa_advdis_score_advdis_score":1047.0,"lga_code11":"24130","adult_population_2018":37261,"seifa_dis_rank_state":71,"egms_per_1000_adults_2018":3,"total_net_expenditure_aud":9557852.54,"exp_per_adult_2018_aud":257.0,"seifa_dis_rank_country":9,"adults_per_venue_2018":12420,"unemployment_rate_as_at_june_2018":2.8,"lga_name":"Macedon Ranges (S)","seifa_dis_score_dis_score":1060.0,"workforce_as_at_june_2018":26153,"seifa_advdis_rank_country":9,"seifa_advdis_rank_metro":null,"unemployed_as_at_june_2018":729,"seifa_dis_rank_metro":null,"lga":"C45","seifa_advdis_rank_state":66},"id":"vcglr_egm_density_expenditure_lga_2017_2018.24130"},{"type":"Feature","properties":{"region":"Metro","seifa_advdis_score_advdis_score":1076.0,"lga_code11":"24210","adult_population_2018":101515,"seifa_dis_rank_state":72,"egms_per_1000_adults_2018":5,"total_net_expenditure_aud":5.838746055E7,"exp_per_adult_2018_aud":575.0,"seifa_dis_rank_country":null,"adults_per_venue_2018":14502,"unemployment_rate_as_at_june_2018":5.8,"lga_name":"Manningham (C)","seifa_dis_score_dis_score":1066.0,"workforce_as_at_june_2018":66223,"seifa_advdis_rank_country":null,"seifa_advdis_rank_metro":9,"unemployed_as_at_june_2018":3863,"seifa_dis_rank_metro":9,"lga":"M14","seifa_advdis_rank_state":73},"id":"vcglr_egm_density_expenditure_lga_2017_2018.24210"},{"type":"Feature","properties":{"region":"Country","seifa_advdis_score_advdis_score":986.0,"lga_code11":"24250","adult_population_2018":6941,"seifa_dis_rank_state":56,"egms_per_1000_adults_2018":6,"total_net_expenditure_aud":1611791.69,"exp_per_adult_2018_aud":232.0,"seifa_dis_rank_country":7,"adults_per_venue_2018":6941,"unemployment_rate_as_at_june_2018":2.1,"lga_name":"Mansfield (S)","seifa_dis_score_dis_score":1015.0,"workforce_as_at_june_2018":4503,"seifa_advdis_rank_country":6,"seifa_advdis_rank_metro":null,"unemployed_as_at_june_2018":93,"seifa_dis_rank_metro":null,"lga":"C49","seifa_advdis_rank_state":48},"id":"vcglr_egm_density_expenditure_lga_2017_2018.24250"},{"type":"Feature","properties":{"region":"Metro","seifa_advdis_score_advdis_score":1019.0,"lga_code11":"24330","adult_population_2018":76008,"seifa_dis_rank_state":43,"egms_per_1000_adults_2018":6,"total_net_expenditure_aud":5.492496283E7,"exp_per_adult_2018_aud":723.0,"seifa_dis_rank_country":null,"adults_per_venue_2018":8445,"unemployment_rate_as_at_june_2018":7.2,"lga_name":"Maribyrnong (C)","seifa_dis_score_dis_score":995.0,"workforce_as_at_june_2018":51978,"seifa_advdis_rank_country":null,"seifa_advdis_rank_metro":6,"unemployed_as_at_june_2018":3760,"seifa_dis_rank_metro":6,"lga":"M5","seifa_advdis_rank_state":58},"id":"vcglr_egm_density_expenditure_lga_2017_2018.24330"},{"type":"Feature","properties":{"region":"Metro","seifa_advdis_score_advdis_score":1034.0,"lga_code11":"24410","adult_population_2018":91384,"seifa_dis_rank_state":66,"egms_per_1000_adults_2018":8,"total_net_expenditure_aud":6.532636345E7,"exp_per_adult_2018_aud":715.0,"seifa_dis_rank_country":null,"adults_per_venue_2018":9138,"unemployment_rate_as_at_june_2018":4.2,"lga_name":"Maroondah (C)","seifa_dis_score_dis_score":1045.0,"workforce_as_at_june_2018":64518,"seifa_advdis_rank_country":null,"seifa_advdis_rank_metro":9,"unemployed_as_at_june_2018":2693,"seifa_dis_rank_metro":9,"lga":"M17","seifa_advdis_rank_state":63},"id":"vcglr_egm_density_expenditure_lga_2017_2018.24410"},{"type":"Feature","properties":{"region":"Metro","seifa_advdis_score_advdis_score":1071.0,"lga_code11":"24600","adult_population_2018":159135,"seifa_dis_rank_state":52,"egms_per_1000_adults_2018":4,"total_net_expenditure_aud":8.39927004E7,"exp_per_adult_2018_aud":528.0,"seifa_dis_rank_country":null,"adults_per_venue_2018":15913,"unemployment_rate_as_at_june_2018":3.9,"lga_name":"Melbourne (C)","seifa_dis_score_dis_score":1010.0,"workforce_as_at_june_2018":100789,"seifa_advdis_rank_country":null,"seifa_advdis_rank_metro":7,"unemployed_as_at_june_2018":3923,"seifa_dis_rank_metro":7,"lga":"M1","seifa_advdis_rank_state":72},"id":"vcglr_egm_density_expenditure_lga_2017_2018.24600"},{"type":"Feature","properties":{"region":"Metro","seifa_advdis_score_advdis_score":981.0,"lga_code11":"24650","adult_population_2018":110806,"seifa_dis_rank_state":40,"egms_per_1000_adults_2018":5,"total_net_expenditure_aud":6.605297777E7,"exp_per_adult_2018_aud":596.0,"seifa_dis_rank_country":null,"adults_per_venue_2018":15829,"unemployment_rate_as_at_june_2018":8.8,"lga_name":"Melton (S)","seifa_dis_score_dis_score":994.0,"workforce_as_at_june_2018":77456,"seifa_advdis_rank_country":null,"seifa_advdis_rank_metro":5,"unemployed_as_at_june_2018":6779,"seifa_dis_rank_metro":5,"lga":"M29","seifa_advdis_rank_state":45},"id":"vcglr_egm_density_expenditure_lga_2017_2018.24650"},{"type":"Feature","properties":{"region":"Country","seifa_advdis_score_advdis_score":921.0,"lga_code11":"24780","adult_population_2018":42683,"seifa_dis_rank_state":5,"egms_per_1000_adults_2018":7,"total_net_expenditure_aud":2.805296858E7,"exp_per_adult_2018_aud":657.0,"seifa_dis_rank_country":1,"adults_per_venue_2018":5335,"unemployment_rate_as_at_june_2018":5.2,"lga_name":"Mildura (RC)","seifa_dis_score_dis_score":935.0,"workforce_as_at_june_2018":28947,"seifa_advdis_rank_country":1,"seifa_advdis_rank_metro":null,"unemployed_as_at_june_2018":1500,"seifa_dis_rank_metro":null,"lga":"C27","seifa_advdis_rank_state":5},"id":"vcglr_egm_density_expenditure_lga_2017_2018.24780"},{"type":"Feature","properties":{"region":"Country","seifa_advdis_score_advdis_score":972.0,"lga_code11":"24850","adult_population_2018":32727,"seifa_dis_rank_state":47,"egms_per_1000_adults_2018":7,"total_net_expenditure_aud":1.877163493E7,"exp_per_adult_2018_aud":574.0,"seifa_dis_rank_country":6,"adults_per_venue_2018":6545,"unemployment_rate_as_at_june_2018":4.4,"lga_name":"Mitchell (S)","seifa_dis_score_dis_score":997.0,"workforce_as_at_june_2018":22783,"seifa_advdis_rank_country":5,"seifa_advdis_rank_metro":null,"unemployed_as_at_june_2018":1010,"seifa_dis_rank_metro":null,"lga":"C13","seifa_advdis_rank_state":37},"id":"vcglr_egm_density_expenditure_lga_2017_2018.24850"},{"type":"Feature","properties":{"region":"Country","seifa_advdis_score_advdis_score":930.0,"lga_code11":"24900","adult_population_2018":23386,"seifa_dis_rank_state":15,"egms_per_1000_adults_2018":4,"total_net_expenditure_aud":4096944.67,"exp_per_adult_2018_aud":175.0,"seifa_dis_rank_country":2,"adults_per_venue_2018":11693,"unemployment_rate_as_at_june_2018":5.1,"lga_name":"Moira (S)","seifa_dis_score_dis_score":951.0,"workforce_as_at_june_2018":14249,"seifa_advdis_rank_country":1,"seifa_advdis_rank_metro":null,"unemployed_as_at_june_2018":732,"seifa_dis_rank_metro":null,"lga":"C17","seifa_advdis_rank_state":8},"id":"vcglr_egm_density_expenditure_lga_2017_2018.24900"},{"type":"Feature","properties":{"region":"Metro","seifa_advdis_score_advdis_score":1060.0,"lga_code11":"24970","adult_population_2018":161880,"seifa_dis_rank_state":67,"egms_per_1000_adults_2018":6,"total_net_expenditure_aud":1.1194228537E8,"exp_per_adult_2018_aud":692.0,"seifa_dis_rank_country":null,"adults_per_venue_2018":10792,"unemployment_rate_as_at_june_2018":3.2,"lga_name":"Monash (C)","seifa_dis_score_dis_score":1045.0,"workforce_as_at_june_2018":107594,"seifa_advdis_rank_country":null,"seifa_advdis_rank_metro":9,"unemployed_as_at_june_2018":3448,"seifa_dis_rank_metro":9,"lga":"M19","seifa_advdis_rank_state":68},"id":"vcglr_egm_density_expenditure_lga_2017_2018.24970"},{"type":"Feature","properties":{"region":"Metro","seifa_advdis_score_advdis_score":1046.0,"lga_code11":"25060","adult_population_2018":102783,"seifa_dis_rank_state":62,"egms_per_1000_adults_2018":7,"total_net_expenditure_aud":7.858917542E7,"exp_per_adult_2018_aud":765.0,"seifa_dis_rank_country":null,"adults_per_venue_2018":9344,"unemployment_rate_as_at_june_2018":4.8,"lga_name":"Moonee Valley (C)","seifa_dis_score_dis_score":1035.0,"workforce_as_at_june_2018":72772,"seifa_advdis_rank_country":null,"seifa_advdis_rank_metro":8,"unemployed_as_at_june_2018":3486,"seifa_dis_rank_metro":8,"lga":"M9","seifa_advdis_rank_state":65},"id":"vcglr_egm_density_expenditure_lga_2017_2018.25060"},{"type":"Feature","properties":{"region":"Country","seifa_advdis_score_advdis_score":988.0,"lga_code11":"25150","adult_population_2018":26019,"seifa_dis_rank_state":53,"egms_per_1000_adults_2018":4,"total_net_expenditure_aud":9189957.37,"exp_per_adult_2018_aud":353.0,"seifa_dis_rank_country":7,"adults_per_venue_2018":8673,"unemployment_rate_as_at_june_2018":6.1,"lga_name":"Moorabool (S)","seifa_dis_score_dis_score":1010.0,"workforce_as_at_june_2018":17744,"seifa_advdis_rank_country":7,"seifa_advdis_rank_metro":null,"unemployed_as_at_june_2018":1084,"seifa_dis_rank_metro":null,"lga":"C22","seifa_advdis_rank_state":49},"id":"vcglr_egm_density_expenditure_lga_2017_2018.25150"},{"type":"Feature","properties":{"region":"Metro","seifa_advdis_score_advdis_score":1026.0,"lga_code11":"25250","adult_population_2018":147031,"seifa_dis_rank_state":54,"egms_per_1000_adults_2018":4,"total_net_expenditure_aud":6.416897716E7,"exp_per_adult_2018_aud":436.0,"seifa_dis_rank_country":null,"adults_per_venue_2018":12253,"unemployment_rate_as_at_june_2018":6.2,"lga_name":"Moreland (C)","seifa_dis_score_dis_score":1014.0,"workforce_as_at_june_2018":100229,"seifa_advdis_rank_country":null,"seifa_advdis_rank_metro":7,"unemployed_as_at_june_2018":6253,"seifa_dis_rank_metro":7,"lga":"M10","seifa_advdis_rank_state":61},"id":"vcglr_egm_density_expenditure_lga_2017_2018.25250"},{"type":"Feature","properties":{"region":"Metro","seifa_advdis_score_advdis_score":1013.0,"lga_code11":"25340","adult_population_2018":130883,"seifa_dis_rank_state":60,"egms_per_1000_adults_2018":6,"total_net_expenditure_aud":8.399624179E7,"exp_per_adult_2018_aud":642.0,"seifa_dis_rank_country":null,"adults_per_venue_2018":7699,"unemployment_rate_as_at_june_2018":4.6,"lga_name":"Mornington Peninsula (S)","seifa_dis_score_dis_score":1030.0,"workforce_as_at_june_2018":79419,"seifa_advdis_rank_country":null,"seifa_advdis_rank_metro":8,"unemployed_as_at_june_2018":3671,"seifa_dis_rank_metro":8,"lga":"M31","seifa_advdis_rank_state":56},"id":"vcglr_egm_density_expenditure_lga_2017_2018.25340"},{"type":"Feature","properties":{"region":"Country","seifa_advdis_score_advdis_score":979.0,"lga_code11":"25430","adult_population_2018":15924,"seifa_dis_rank_state":42,"egms_per_1000_adults_2018":2,"total_net_expenditure_aud":2902516.49,"exp_per_adult_2018_aud":182.0,"seifa_dis_rank_country":6,"adults_per_venue_2018":15924,"unemployment_rate_as_at_june_2018":5.8,"lga_name":"Mount Alexander (S)","seifa_dis_score_dis_score":995.0,"workforce_as_at_june_2018":8610,"seifa_advdis_rank_country":6,"seifa_advdis_rank_metro":null,"unemployed_as_at_june_2018":501,"seifa_dis_rank_metro":null,"lga":"C47","seifa_advdis_rank_state":42},"id":"vcglr_egm_density_expenditure_lga_2017_2018.25430"},{"type":"Feature","properties":{"region":"Country","seifa_advdis_score_advdis_score":998.0,"lga_code11":"25490","adult_population_2018":12742,"seifa_dis_rank_state":58,"egms_per_1000_adults_2018":null,"total_net_expenditure_aud":null,"exp_per_adult_2018_aud":null,"seifa_dis_rank_country":8,"adults_per_venue_2018":null,"unemployment_rate_as_at_june_2018":2.3,"lga_name":"Moyne (S)","seifa_dis_score_dis_score":1016.0,"workforce_as_at_june_2018":9668,"seifa_advdis_rank_country":7,"seifa_advdis_rank_metro":0,"unemployed_as_at_june_2018":225,"seifa_dis_rank_metro":null,"lga":"C36","seifa_advdis_rank_state":53},"id":"vcglr_egm_density_expenditure_lga_2017_2018.25490"},{"type":"Feature","properties":{"region":"Country","seifa_advdis_score_advdis_score":973.0,"lga_code11":"25620","adult_population_2018":11632,"seifa_dis_rank_state":45,"egms_per_1000_adults_2018":2,"total_net_expenditure_aud":1521511.2,"exp_per_adult_2018_aud":131.0,"seifa_dis_rank_country":6,"adults_per_venue_2018":11632,"unemployment_rate_as_at_june_2018":3.2,"lga_name":"Murrindindi (S)","seifa_dis_score_dis_score":996.0,"workforce_as_at_june_2018":7432,"seifa_advdis_rank_country":5,"seifa_advdis_rank_metro":null,"unemployed_as_at_june_2018":240,"seifa_dis_rank_metro":null,"lga":"C41","seifa_advdis_rank_state":38},"id":"vcglr_egm_density_expenditure_lga_2017_2018.25620"},{"type":"Feature","properties":{"region":"Metro","seifa_advdis_score_advdis_score":1093.0,"lga_code11":"25710","adult_population_2018":49402,"seifa_dis_rank_state":80,"egms_per_1000_adults_2018":2,"total_net_expenditure_aud":8997960.41,"exp_per_adult_2018_aud":182.0,"seifa_dis_rank_country":null,"adults_per_venue_2018":24701,"unemployment_rate_as_at_june_2018":2.0,"lga_name":"Nillumbik (S)","seifa_dis_score_dis_score":1099.0,"workforce_as_at_june_2018":40770,"seifa_advdis_rank_country":null,"seifa_advdis_rank_metro":10,"unemployed_as_at_june_2018":824,"seifa_dis_rank_metro":10,"lga":"M16","seifa_advdis_rank_state":76},"id":"vcglr_egm_density_expenditure_lga_2017_2018.25710"},{"type":"Feature","properties":{"region":"Country","seifa_advdis_score_advdis_score":921.0,"lga_code11":"25810","adult_population_2018":9323,"seifa_dis_rank_state":6,"egms_per_1000_adults_2018":9,"total_net_expenditure_aud":4460935.47,"exp_per_adult_2018_aud":478.0,"seifa_dis_rank_country":1,"adults_per_venue_2018":4661,"unemployment_rate_as_at_june_2018":3.9,"lga_name":"Northern Grampians (S)","seifa_dis_score_dis_score":937.0,"workforce_as_at_june_2018":6211,"seifa_advdis_rank_country":1,"seifa_advdis_rank_metro":null,"unemployed_as_at_june_2018":245,"seifa_dis_rank_metro":null,"lga":"C14","seifa_advdis_rank_state":4},"id":"vcglr_egm_density_expenditure_lga_2017_2018.25810"},{"type":"Feature","properties":{"region":"Metro","seifa_advdis_score_advdis_score":1101.0,"lga_code11":"25900","adult_population_2018":97303,"seifa_dis_rank_state":73,"egms_per_1000_adults_2018":4,"total_net_expenditure_aud":2.749664816E7,"exp_per_adult_2018_aud":283.0,"seifa_dis_rank_country":null,"adults_per_venue_2018":9730,"unemployment_rate_as_at_june_2018":4.2,"lga_name":"Port Phillip (C)","seifa_dis_score_dis_score":1069.0,"workforce_as_at_june_2018":79720,"seifa_advdis_rank_country":null,"seifa_advdis_rank_metro":10,"unemployed_as_at_june_2018":3374,"seifa_dis_rank_metro":10,"lga":"M2","seifa_advdis_rank_state":77},"id":"vcglr_egm_density_expenditure_lga_2017_2018.25900"},{"type":"Feature","properties":{"region":"Country","seifa_advdis_score_advdis_score":937.0,"lga_code11":"25990","adult_population_2018":6038,"seifa_dis_rank_state":17,"egms_per_1000_adults_2018":null,"total_net_expenditure_aud":null,"exp_per_adult_2018_aud":null,"seifa_dis_rank_country":3,"adults_per_venue_2018":null,"unemployment_rate_as_at_june_2018":4.2,"lga_name":"Pyrenees (S)","seifa_dis_score_dis_score":952.0,"workforce_as_at_june_2018":3271,"seifa_advdis_rank_country":3,"seifa_advdis_rank_metro":0,"unemployed_as_at_june_2018":136,"seifa_dis_rank_metro":null,"lga":"C44","seifa_advdis_rank_state":17},"id":"vcglr_egm_density_expenditure_lga_2017_2018.25990"},{"type":"Feature","properties":{"region":"Country","seifa_advdis_score_advdis_score":1070.0,"lga_code11":"26080","adult_population_2018":2549,"seifa_dis_rank_state":75,"egms_per_1000_adults_2018":12,"total_net_expenditure_aud":1311953.05,"exp_per_adult_2018_aud":515.0,"seifa_dis_rank_country":10,"adults_per_venue_2018":2549,"unemployment_rate_as_at_june_2018":3.4,"lga_name":"Queenscliffe (B)","seifa_dis_score_dis_score":1075.0,"workforce_as_at_june_2018":1395,"seifa_advdis_rank_country":9,"seifa_advdis_rank_metro":null,"unemployed_as_at_june_2018":48,"seifa_dis_rank_metro":null,"lga":"C1","seifa_advdis_rank_state":71},"id":"vcglr_egm_density_expenditure_lga_2017_2018.26080"},{"type":"Feature","properties":{"region":"Country","seifa_advdis_score_advdis_score":965.0,"lga_code11":"26170","adult_population_2018":23063,"seifa_dis_rank_state":35,"egms_per_1000_adults_2018":5,"total_net_expenditure_aud":6302670.64,"exp_per_adult_2018_aud":273.0,"seifa_dis_rank_country":5,"adults_per_venue_2018":5766,"unemployment_rate_as_at_june_2018":4.3,"lga_name":"South Gippsland (S)","seifa_dis_score_dis_score":990.0,"workforce_as_at_june_2018":14767,"seifa_advdis_rank_country":5,"seifa_advdis_rank_metro":null,"unemployed_as_at_june_2018":632,"seifa_dis_rank_metro":null,"lga":"C4","seifa_advdis_rank_state":33},"id":"vcglr_egm_density_expenditure_lga_2017_2018.26170"},{"type":"Feature","properties":{"region":"Country","seifa_advdis_score_advdis_score":969.0,"lga_code11":"26260","adult_population_2018":12539,"seifa_dis_rank_state":37,"egms_per_1000_adults_2018":6,"total_net_expenditure_aud":6048785.67,"exp_per_adult_2018_aud":482.0,"seifa_dis_rank_country":5,"adults_per_venue_2018":6269,"unemployment_rate_as_at_june_2018":3.5,"lga_name":"Southern Grampians (S)","seifa_dis_score_dis_score":992.0,"workforce_as_at_june_2018":8985,"seifa_advdis_rank_country":5,"seifa_advdis_rank_metro":null,"unemployed_as_at_june_2018":310,"seifa_dis_rank_metro":null,"lga":"C37","seifa_advdis_rank_state":34},"id":"vcglr_egm_density_expenditure_lga_2017_2018.26260"},{"type":"Feature","properties":{"region":"Metro","seifa_advdis_score_advdis_score":1120.0,"lga_code11":"26350","adult_population_2018":99211,"seifa_dis_rank_state":77,"egms_per_1000_adults_2018":3,"total_net_expenditure_aud":2.085282755E7,"exp_per_adult_2018_aud":210.0,"seifa_dis_rank_country":null,"adults_per_venue_2018":14173,"unemployment_rate_as_at_june_2018":2.8,"lga_name":"Stonnington (C)","seifa_dis_score_dis_score":1087.0,"workforce_as_at_june_2018":73085,"seifa_advdis_rank_country":null,"seifa_advdis_rank_metro":10,"unemployed_as_at_june_2018":2074,"seifa_dis_rank_metro":10,"lga":"M6","seifa_advdis_rank_state":78},"id":"vcglr_egm_density_expenditure_lga_2017_2018.26350"},{"type":"Feature","properties":{"region":"Country","seifa_advdis_score_advdis_score":957.0,"lga_code11":"26430","adult_population_2018":8664,"seifa_dis_rank_state":26,"egms_per_1000_adults_2018":4,"total_net_expenditure_aud":1213122.7,"exp_per_adult_2018_aud":140.0,"seifa_dis_rank_country":4,"adults_per_venue_2018":8664,"unemployment_rate_as_at_june_2018":2.9,"lga_name":"Strathbogie (S)","seifa_dis_score_dis_score":974.0,"workforce_as_at_june_2018":5106,"seifa_advdis_rank_country":4,"seifa_advdis_rank_metro":null,"unemployed_as_at_june_2018":148,"seifa_dis_rank_metro":null,"lga":"C42","seifa_advdis_rank_state":26},"id":"vcglr_egm_density_expenditure_lga_2017_2018.26430"},{"type":"Feature","properties":{"region":"Country","seifa_advdis_score_advdis_score":1064.0,"lga_code11":"26490","adult_population_2018":24490,"seifa_dis_rank_state":76,"egms_per_1000_adults_2018":3,"total_net_expenditure_aud":3171443.64,"exp_per_adult_2018_aud":129.0,"seifa_dis_rank_country":10,"adults_per_venue_2018":8163,"unemployment_rate_as_at_june_2018":2.4,"lga_name":"Surf Coast (S)","seifa_dis_score_dis_score":1077.0,"workforce_as_at_june_2018":16642,"seifa_advdis_rank_country":9,"seifa_advdis_rank_metro":null,"unemployed_as_at_june_2018":398,"seifa_dis_rank_metro":null,"lga":"C33","seifa_advdis_rank_state":70},"id":"vcglr_egm_density_expenditure_lga_2017_2018.26490"},{"type":"Feature","properties":{"region":"Country","seifa_advdis_score_advdis_score":934.0,"lga_code11":"26610","adult_population_2018":16125,"seifa_dis_rank_state":11,"egms_per_1000_adults_2018":10,"total_net_expenditure_aud":8074233.89,"exp_per_adult_2018_aud":501.0,"seifa_dis_rank_country":2,"adults_per_venue_2018":4031,"unemployment_rate_as_at_june_2018":3.5,"lga_name":"Swan Hill (RC)","seifa_dis_score_dis_score":947.0,"workforce_as_at_june_2018":11378,"seifa_advdis_rank_country":2,"seifa_advdis_rank_metro":null,"unemployed_as_at_june_2018":397,"seifa_dis_rank_metro":null,"lga":"C23","seifa_advdis_rank_state":14},"id":"vcglr_egm_density_expenditure_lga_2017_2018.26610"},{"type":"Feature","properties":{"region":"Country","seifa_advdis_score_advdis_score":974.0,"lga_code11":"26670","adult_population_2018":4823,"seifa_dis_rank_state":38,"egms_per_1000_adults_2018":2,"total_net_expenditure_aud":219382.89,"exp_per_adult_2018_aud":45.0,"seifa_dis_rank_country":5,"adults_per_venue_2018":4823,"unemployment_rate_as_at_june_2018":2.8,"lga_name":"Towong (S)","seifa_dis_score_dis_score":992.0,"workforce_as_at_june_2018":3134,"seifa_advdis_rank_country":5,"seifa_advdis_rank_metro":null,"unemployed_as_at_june_2018":87,"seifa_dis_rank_metro":null,"lga":"C34","seifa_advdis_rank_state":39},"id":"vcglr_egm_density_expenditure_lga_2017_2018.26670"},{"type":"Feature","properties":{"region":"Country","seifa_advdis_score_advdis_score":962.0,"lga_code11":"26700","adult_population_2018":22692,"seifa_dis_rank_state":32,"egms_per_1000_adults_2018":6,"total_net_expenditure_aud":8725929.3,"exp_per_adult_2018_aud":385.0,"seifa_dis_rank_country":4,"adults_per_venue_2018":5673,"unemployment_rate_as_at_june_2018":3.4,"lga_name":"Wangaratta (RC)","seifa_dis_score_dis_score":983.0,"workforce_as_at_june_2018":15031,"seifa_advdis_rank_country":4,"seifa_advdis_rank_metro":null,"unemployed_as_at_june_2018":515,"seifa_dis_rank_metro":null,"lga":"C9","seifa_advdis_rank_state":31},"id":"vcglr_egm_density_expenditure_lga_2017_2018.26700"},{"type":"Feature","properties":{"region":"Country","seifa_advdis_score_advdis_score":961.0,"lga_code11":"26730","adult_population_2018":27035,"seifa_dis_rank_state":34,"egms_per_1000_adults_2018":9,"total_net_expenditure_aud":1.907293603E7,"exp_per_adult_2018_aud":705.0,"seifa_dis_rank_country":5,"adults_per_venue_2018":3379,"unemployment_rate_as_at_june_2018":3.8,"lga_name":"Warrnambool (C)","seifa_dis_score_dis_score":986.0,"workforce_as_at_june_2018":19795,"seifa_advdis_rank_country":4,"seifa_advdis_rank_metro":null,"unemployed_as_at_june_2018":743,"seifa_dis_rank_metro":null,"lga":"C16","seifa_advdis_rank_state":29},"id":"vcglr_egm_density_expenditure_lga_2017_2018.26730"},{"type":"Feature","properties":{"region":"Country","seifa_advdis_score_advdis_score":954.0,"lga_code11":"26810","adult_population_2018":34580,"seifa_dis_rank_state":25,"egms_per_1000_adults_2018":9,"total_net_expenditure_aud":2.12606392E7,"exp_per_adult_2018_aud":615.0,"seifa_dis_rank_country":4,"adults_per_venue_2018":4940,"unemployment_rate_as_at_june_2018":6.4,"lga_name":"Wellington (S)","seifa_dis_score_dis_score":974.0,"workforce_as_at_june_2018":21341,"seifa_advdis_rank_country":3,"seifa_advdis_rank_metro":null,"unemployed_as_at_june_2018":1357,"seifa_dis_rank_metro":null,"lga":"C12","seifa_advdis_rank_state":24},"id":"vcglr_egm_density_expenditure_lga_2017_2018.26810"},{"type":"Feature","properties":{"region":"Country","seifa_advdis_score_advdis_score":977.0,"lga_code11":"26890","adult_population_2018":3063,"seifa_dis_rank_state":33,"egms_per_1000_adults_2018":null,"total_net_expenditure_aud":null,"exp_per_adult_2018_aud":null,"seifa_dis_rank_country":5,"adults_per_venue_2018":null,"unemployment_rate_as_at_june_2018":2.7,"lga_name":"West Wimmera (S)","seifa_dis_score_dis_score":985.0,"workforce_as_at_june_2018":2275,"seifa_advdis_rank_country":6,"seifa_advdis_rank_metro":0,"unemployed_as_at_june_2018":61,"seifa_dis_rank_metro":null,"lga":"C39","seifa_advdis_rank_state":41},"id":"vcglr_egm_density_expenditure_lga_2017_2018.26890"},{"type":"Feature","properties":{"region":"Metro","seifa_advdis_score_advdis_score":1063.0,"lga_code11":"26980","adult_population_2018":140691,"seifa_dis_rank_state":69,"egms_per_1000_adults_2018":3,"total_net_expenditure_aud":5.360123378E7,"exp_per_adult_2018_aud":381.0,"seifa_dis_rank_country":null,"adults_per_venue_2018":23449,"unemployment_rate_as_at_june_2018":6.0,"lga_name":"Whitehorse (C)","seifa_dis_score_dis_score":1049.0,"workforce_as_at_june_2018":91806,"seifa_advdis_rank_country":null,"seifa_advdis_rank_metro":9,"unemployed_as_at_june_2018":5539,"seifa_dis_rank_metro":9,"lga":"M13","seifa_advdis_rank_state":69},"id":"vcglr_egm_density_expenditure_lga_2017_2018.26980"},{"type":"Feature","properties":{"region":"Metro","seifa_advdis_score_advdis_score":982.0,"lga_code11":"27070","adult_population_2018":167106,"seifa_dis_rank_state":36,"egms_per_1000_adults_2018":4,"total_net_expenditure_aud":1.0947762586E8,"exp_per_adult_2018_aud":655.0,"seifa_dis_rank_country":null,"adults_per_venue_2018":16711,"unemployment_rate_as_at_june_2018":5.8,"lga_name":"Whittlesea (C)","seifa_dis_score_dis_score":991.0,"workforce_as_at_june_2018":115505,"seifa_advdis_rank_country":null,"seifa_advdis_rank_metro":5,"unemployed_as_at_june_2018":6643,"seifa_dis_rank_metro":5,"lga":"M26","seifa_advdis_rank_state":47},"id":"vcglr_egm_density_expenditure_lga_2017_2018.27070"},{"type":"Feature","properties":{"region":"Country","seifa_advdis_score_advdis_score":957.0,"lga_code11":"27170","adult_population_2018":31282,"seifa_dis_rank_state":27,"egms_per_1000_adults_2018":4,"total_net_expenditure_aud":7768079.86,"exp_per_adult_2018_aud":248.0,"seifa_dis_rank_country":4,"adults_per_venue_2018":10427,"unemployment_rate_as_at_june_2018":4.1,"lga_name":"Wodonga (RC)","seifa_dis_score_dis_score":977.0,"workforce_as_at_june_2018":21522,"seifa_advdis_rank_country":4,"seifa_advdis_rank_metro":null,"unemployed_as_at_june_2018":889,"seifa_dis_rank_metro":null,"lga":"C15","seifa_advdis_rank_state":25},"id":"vcglr_egm_density_expenditure_lga_2017_2018.27170"},{"type":"Feature","properties":{"region":"Metro","seifa_advdis_score_advdis_score":1002.0,"lga_code11":"27260","adult_population_2018":182964,"seifa_dis_rank_state":51,"egms_per_1000_adults_2018":5,"total_net_expenditure_aud":1.0545837216E8,"exp_per_adult_2018_aud":576.0,"seifa_dis_rank_country":null,"adults_per_venue_2018":14074,"unemployment_rate_as_at_june_2018":7.5,"lga_name":"Wyndham (C)","seifa_dis_score_dis_score":1009.0,"workforce_as_at_june_2018":126194,"seifa_advdis_rank_country":null,"seifa_advdis_rank_metro":7,"unemployed_as_at_june_2018":9433,"seifa_dis_rank_metro":7,"lga":"M30","seifa_advdis_rank_state":54},"id":"vcglr_egm_density_expenditure_lga_2017_2018.27260"},{"type":"Feature","properties":{"region":"Metro","seifa_advdis_score_advdis_score":1081.0,"lga_code11":"27350","adult_population_2018":85772,"seifa_dis_rank_state":63,"egms_per_1000_adults_2018":4,"total_net_expenditure_aud":3.107631057E7,"exp_per_adult_2018_aud":362.0,"seifa_dis_rank_country":null,"adults_per_venue_2018":10721,"unemployment_rate_as_at_june_2018":5.6,"lga_name":"Yarra (C)","seifa_dis_score_dis_score":1035.0,"workforce_as_at_june_2018":66638,"seifa_advdis_rank_country":null,"seifa_advdis_rank_metro":8,"unemployed_as_at_june_2018":3742,"seifa_dis_rank_metro":8,"lga":"M4","seifa_advdis_rank_state":74},"id":"vcglr_egm_density_expenditure_lga_2017_2018.27350"},{"type":"Feature","properties":{"region":"Metro","seifa_advdis_score_advdis_score":1017.0,"lga_code11":"27450","adult_population_2018":121840,"seifa_dis_rank_state":64,"egms_per_1000_adults_2018":4,"total_net_expenditure_aud":2.930051612E7,"exp_per_adult_2018_aud":240.0,"seifa_dis_rank_country":null,"adults_per_venue_2018":13538,"unemployment_rate_as_at_june_2018":4.3,"lga_name":"Yarra Ranges (S)","seifa_dis_score_dis_score":1040.0,"workforce_as_at_june_2018":88184,"seifa_advdis_rank_country":null,"seifa_advdis_rank_metro":8,"unemployed_as_at_june_2018":3807,"seifa_dis_rank_metro":8,"lga":"M25","seifa_advdis_rank_state":57},"id":"vcglr_egm_density_expenditure_lga_2017_2018.27450"},{"type":"Feature","properties":{"region":"Country","seifa_advdis_score_advdis_score":932.0,"lga_code11":"27630","adult_population_2018":5296,"seifa_dis_rank_state":7,"egms_per_1000_adults_2018":null,"total_net_expenditure_aud":null,"exp_per_adult_2018_aud":null,"seifa_dis_rank_country":1,"adults_per_venue_2018":null,"unemployment_rate_as_at_june_2018":4.1,"lga_name":"Yarriambiack (S)","seifa_dis_score_dis_score":941.0,"workforce_as_at_june_2018":3318,"seifa_advdis_rank_country":2,"seifa_advdis_rank_metro":0,"unemployed_as_at_june_2018":136,"seifa_dis_rank_metro":null,"lga":"C40","seifa_advdis_rank_state":11},"id":"vcglr_egm_density_expenditure_lga_2017_2018.27630"},{"type":"Feature","properties":{"region":"Country","seifa_advdis_score_advdis_score":961.0,"lga_code11":"22620","adult_population_2018":88742,"seifa_dis_rank_state":31,"egms_per_1000_adults_2018":7,"total_net_expenditure_aud":4.933522389E7,"exp_per_adult_2018_aud":556.0,"seifa_dis_rank_country":4,"adults_per_venue_2018":8874,"unemployment_rate_as_at_june_2018":7.5,"lga_name":"Greater Bendigo (C)","seifa_dis_score_dis_score":981.0,"workforce_as_at_june_2018":54009,"seifa_advdis_rank_country":4,"seifa_advdis_rank_metro":null,"unemployed_as_at_june_2018":4043,"seifa_dis_rank_metro":null,"lga":"C19","seifa_advdis_rank_state":30},"id":"vcglr_egm_density_expenditure_lga_2017_2018.22620"},{"type":"Feature","properties":{"region":"Metro","seifa_advdis_score_advdis_score":915.0,"lga_code11":"22670","adult_population_2018":131033,"seifa_dis_rank_state":2,"egms_per_1000_adults_2018":7,"total_net_expenditure_aud":1.2142007278E8,"exp_per_adult_2018_aud":927.0,"seifa_dis_rank_country":null,"adults_per_venue_2018":8736,"unemployment_rate_as_at_june_2018":10.0,"lga_name":"Greater Dandenong (C)","seifa_dis_score_dis_score":896.0,"workforce_as_at_june_2018":82034,"seifa_advdis_rank_country":null,"seifa_advdis_rank_metro":1,"unemployed_as_at_june_2018":8244,"seifa_dis_rank_metro":1,"lga":"M21","seifa_advdis_rank_state":2},"id":"vcglr_egm_density_expenditure_lga_2017_2018.22670"},{"type":"Feature","properties":{"region":"Country","seifa_advdis_score_advdis_score":980.0,"lga_code11":"22750","adult_population_2018":196065,"seifa_dis_rank_state":41,"egms_per_1000_adults_2018":7,"total_net_expenditure_aud":1.1752048961E8,"exp_per_adult_2018_aud":599.0,"seifa_dis_rank_country":6,"adults_per_venue_2018":7843,"unemployment_rate_as_at_june_2018":6.6,"lga_name":"Greater Geelong (C)","seifa_dis_score_dis_score":994.0,"workforce_as_at_june_2018":123475,"seifa_advdis_rank_country":6,"seifa_advdis_rank_metro":null,"unemployed_as_at_june_2018":8110,"seifa_dis_rank_metro":null,"lga":"C21","seifa_advdis_rank_state":44},"id":"vcglr_egm_density_expenditure_lga_2017_2018.22750"},{"type":"Feature","properties":{"region":"Metro","seifa_advdis_score_advdis_score":1092.0,"lga_code11":"22310","adult_population_2018":120818,"seifa_dis_rank_state":74,"egms_per_1000_adults_2018":6,"total_net_expenditure_aud":7.71714664E7,"exp_per_adult_2018_aud":639.0,"seifa_dis_rank_country":null,"adults_per_venue_2018":10983,"unemployment_rate_as_at_june_2018":3.7,"lga_name":"Glen Eira (C)","seifa_dis_score_dis_score":1074.0,"workforce_as_at_june_2018":83626,"seifa_advdis_rank_country":null,"seifa_advdis_rank_metro":10,"unemployed_as_at_june_2018":3120,"seifa_dis_rank_metro":10,"lga":"M7","seifa_advdis_rank_state":75},"id":"vcglr_egm_density_expenditure_lga_2017_2018.22310"},{"type":"Feature","properties":{"region":"Country","seifa_advdis_score_advdis_score":925.0,"lga_code11":"22410","adult_population_2018":15757,"seifa_dis_rank_state":12,"egms_per_1000_adults_2018":8,"total_net_expenditure_aud":6919411.15,"exp_per_adult_2018_aud":439.0,"seifa_dis_rank_country":2,"adults_per_venue_2018":3939,"unemployment_rate_as_at_june_2018":4.1,"lga_name":"Glenelg (S)","seifa_dis_score_dis_score":947.0,"workforce_as_at_june_2018":10872,"seifa_advdis_rank_country":1,"seifa_advdis_rank_metro":null,"unemployed_as_at_june_2018":450,"seifa_dis_rank_metro":null,"lga":"C25","seifa_advdis_rank_state":6},"id":"vcglr_egm_density_expenditure_lga_2017_2018.22410"},{"type":"Feature","properties":{"region":"Country","seifa_advdis_score_advdis_score":1004.0,"lga_code11":"22490","adult_population_2018":16842,"seifa_dis_rank_state":61,"egms_per_1000_adults_2018":null,"total_net_expenditure_aud":null,"exp_per_adult_2018_aud":null,"seifa_dis_rank_country":8,"adults_per_venue_2018":null,"unemployment_rate_as_at_june_2018":3.1,"lga_name":"Golden Plains (S)","seifa_dis_score_dis_score":1035.0,"workforce_as_at_june_2018":11664,"seifa_advdis_rank_country":7,"seifa_advdis_rank_metro":0,"unemployed_as_at_june_2018":367,"seifa_dis_rank_metro":null,"lga":"C32","seifa_advdis_rank_state":55},"id":"vcglr_egm_density_expenditure_lga_2017_2018.22490"}]}