{"organisation":"VIC_Govt_VCGLR","name":"vcglr_egm_density_expenditure_lga_2017_2018","title":"VCGLR -  Population Density and Gaming Expenditure (LGA) 2017 - 2018","legal":{"copyrightYear":"2018","attributionYear":"2018","attribution":"{datasource.organisationTitle}, ({dataset.attributionYear}): {dataset.title}; accessed from AURIN on {dateOfAccess}.","clickthrough":false,"licenceType":"Creative Commons Attribution 3.0 Australia (CC BY 3.0 AU)","copyrightNotice":"&copy; {datasource.organisationTitle} {dataset.copyrightYear}"},"referenceSystemIdentifier":"urn:x-ogc:def:crs:EPSG:4283","geoLevel":"lga2011","key":"lga_code11","keyRegex":null,"availability":"true","geomField":"wkb_geometry","keyword":"expenditure,population,gambling","theme":null,"temporalExtent":{"beginDate":"2017-07-01T00:00:00","endDate":"2018-06-30T00:00:00","selectTime":false},"type":"dataset","_id":"dataset-VIC_Govt_VCGLR-vcglr_egm_density_expenditure_lga_2017_2018-lga2011","bbox":null,"abstract":"This data set includes population and electronic gaming machine (EGM) expenditure breakdowns by local government area (LGA) and gaming venue, demographic statistics, labour statistics and Socio-Economic Indexes for Areas (SEIFA) LGA score and ranking per LGA for the 2017/18 financial year. The data has been joined with LGA 2011 boundaries. <br/><br/>\n\nFor more information visit the <a href=\"https://www.vcglr.vic.gov.au\" target=\"_blank\">Victorian Commission for Gambling and Liquor Regulation's (VCGLR) website</a>.<br/><br/>\n\nPlease note:\n<ul>\n<li>AURIN has spatially enabled the <a href=\"https://www.vcglr.vic.gov.au/resources/data-and-research/gambling-data/population-density-and-gaming-expenditure\" target=\"_blank\">original data</a>.</li>\n<li>EGM Numbers: a venue may be operating less machines than its licensed or attached numbers</li>\n<li>Gaming Machine Density calculations are based on operating gaming machines with attached entitlements divided by adult population divided by 1,000 (gaming machines per 1,000 adults).</li>\n<li>Expenditure / EGM: Refers to the average Expenditure per Gaming Machine. In 2013, these figures are based on net expenditures divided by number of gaming machines with attached entitlements.</li>\n<li>SEIFA Scores: a lower score indicates that an area is relatively disadvantaged compared to an area with a higher score. Scores should only be used in distributive analysis. Rankings are based on highest score, for example 1st ranking in index of disadvantage means the LGA is least disadvantaged.</li>\n<li>Disclaimer: Care must be taken in using any figures for an LGA involving net expenditure and population. The expenditure per person in an LGA may include an amount of expenditure coming from persons not living within the LGA.</li>\n</ul>","selectedAttributes":[{"name":"lga_code11","type":"String","title":"LGA Code","description":"lga_code11","isDimension":false},{"name":"adult_population_2018","type":"Integer","title":"Adult  Population 2018   ","description":"adult_population_2018","isDimension":false},{"name":"adults_per_venue_2018","type":"Integer","title":"Adults  per Venue 2018  ","description":"adults_per_venue_2018","isDimension":false},{"name":"egms_per_1000_adults_2018","type":"Integer","title":"EGMs  per 1,000 Adults 2018   ","description":"egms_per_1000_adults_2018","isDimension":false},{"name":"exp_per_adult_2018_aud","type":"Double","title":"EXP  per Adult 2018 ($) ","description":"exp_per_adult_2018_aud","isDimension":false},{"name":"lga","type":"String","title":"LGA ","description":"lga","isDimension":false},{"name":"lga_name","type":"String","title":"LGA Name ","description":"Local Government Area (LGA) name.","isDimension":false},{"name":"region","type":"String","title":"Region ","description":"Region.","isDimension":false},{"name":"seifa_advdis_rank_country","type":"Integer","title":"SEIFA  ADVDIS RANK COUNTRY  ","description":"seifa_advdis_rank_country","isDimension":false},{"name":"seifa_advdis_rank_metro","type":"Integer","title":"SEIFA  ADVDIS RANK METRO  ","description":"seifa_advdis_rank_metro","isDimension":false},{"name":"seifa_advdis_rank_state","type":"Integer","title":"SEIFA  ADVDIS Rank State  ","description":"seifa_advdis_rank_state","isDimension":false},{"name":"seifa_advdis_score_advdis_score","type":"Double","title":"SEIFA ADVDIS Score  ADVDIS Score ","description":"seifa_advdis_score_advdis_score","isDimension":false},{"name":"seifa_dis_rank_country","type":"Integer","title":"SEIFA  DIS RANK COUNTRY  ","description":"seifa_dis_rank_country","isDimension":false},{"name":"seifa_dis_rank_metro","type":"Integer","title":"SEIFA  DIS RANK METRO  ","description":"seifa_dis_rank_metro","isDimension":false},{"name":"seifa_dis_rank_state","type":"Integer","title":"SEIFA  DIS Rank State  ","description":"seifa_dis_rank_state","isDimension":false},{"name":"seifa_dis_score_dis_score","type":"Double","title":"SEIFA DIS Score  DIS Score  ","description":"seifa_dis_score_dis_score","isDimension":false},{"name":"total_net_expenditure_aud","type":"Double","title":"Total Net Expenditure ($) ","description":"total_net_expenditure_aud","isDimension":false},{"name":"unemployed_as_at_june_2018","type":"Integer","title":"Unemployed  as at June 2018 ","description":"unemployed_as_at_june_2018","isDimension":false},{"name":"unemployment_rate_as_at_june_2018","type":"Double","title":"Unemployment rate  as at June 2018 ","description":"unemployment_rate_as_at_june_2018","isDimension":false},{"name":"workforce_as_at_june_2018","type":"Integer","title":"Workforce  as at June 2018 ","description":"workforce_as_at_june_2018","isDimension":false}],"filter":{"filterType":"tabular","feature":{"key":"lga_code11","geoLevel":"lga2011","geoField":"ignored","year":"2006","featureBbox":[140.961681984,-39.159189527500004,149.976679008,-33.9806475865],"featureType":"ste","featureInstance":"2","featureName":"Victoria","referenceSystemIdentifier":"urn:x-ogc:def:crs:EPSG:4283","prefix":"","keyTransform":null},"states":["2"]}}