{"type":"FeatureCollection","bbox":[0.0,0.0,-1.0,-1.0],"features":[{"type":"Feature","properties":{"adult_population_2017":80467,"region":"Country","egms_per_1000_adults_2017":8,"exp_per_adult_2017_aud":678.15,"seifa_advdis_score_advdis_score":969.03,"lga_code11":"20570","seifa_dis_rank_state":29,"total_net_expenditure_aud":5.456880435E7,"seifa_dis_rank_country":25,"adults_per_venue_2017":5364,"unemployment_rate_as_at_june_2017":4.44,"lga_name":"Ballarat (C)","workforce_as_at_june_2017":54821,"seifa_dis_score_dis_score":980.79,"seifa_advdis_rank_country":34,"seifa_advdis_rank_metro":null,"unemployed_as_at_june_2017":2432,"seifa_dis_rank_metro":null,"lga":"C20","seifa_advdis_rank_state":30},"id":"vcglr_egm_density_expenditure_lga_2016_2017.20570"},{"type":"Feature","properties":{"adult_population_2017":101604,"region":"Metro","egms_per_1000_adults_2017":6,"exp_per_adult_2017_aud":549.4,"seifa_advdis_score_advdis_score":1044.18,"lga_code11":"20660","seifa_dis_rank_state":68,"total_net_expenditure_aud":5.582085407E7,"seifa_dis_rank_country":null,"adults_per_venue_2017":11289,"unemployment_rate_as_at_june_2017":4.52,"lga_name":"Banyule (C)","workforce_as_at_june_2017":70881,"seifa_dis_score_dis_score":1047.4,"seifa_advdis_rank_country":null,"seifa_advdis_rank_metro":20,"unemployed_as_at_june_2017":3207,"seifa_dis_rank_metro":22,"lga":"M15","seifa_advdis_rank_state":67},"id":"vcglr_egm_density_expenditure_lga_2016_2017.20660"},{"type":"Feature","properties":{"adult_population_2017":26925,"region":"Country","egms_per_1000_adults_2017":7,"exp_per_adult_2017_aud":598.93,"seifa_advdis_score_advdis_score":959.75,"lga_code11":"20740","seifa_dis_rank_state":27,"total_net_expenditure_aud":1.612606661E7,"seifa_dis_rank_country":23,"adults_per_venue_2017":6731,"unemployment_rate_as_at_june_2017":7.21,"lga_name":"Bass Coast (S)","workforce_as_at_june_2017":15827,"seifa_dis_score_dis_score":977.5,"seifa_advdis_rank_country":22,"seifa_advdis_rank_metro":null,"unemployed_as_at_june_2017":1141,"seifa_dis_rank_metro":null,"lga":"C29","seifa_advdis_rank_state":24},"id":"vcglr_egm_density_expenditure_lga_2016_2017.20740"},{"type":"Feature","properties":{"adult_population_2017":37499,"region":"Country","egms_per_1000_adults_2017":6,"exp_per_adult_2017_aud":415.64,"seifa_advdis_score_advdis_score":983.45,"lga_code11":"20830","seifa_dis_rank_state":47,"total_net_expenditure_aud":1.558609322E7,"seifa_dis_rank_country":39,"adults_per_venue_2017":9375,"unemployment_rate_as_at_june_2017":4.61,"lga_name":"Baw Baw (S)","workforce_as_at_june_2017":25760,"seifa_dis_score_dis_score":998.06,"seifa_advdis_rank_country":38,"seifa_advdis_rank_metro":null,"unemployed_as_at_june_2017":1188,"seifa_dis_rank_metro":null,"lga":"C6","seifa_advdis_rank_state":45},"id":"vcglr_egm_density_expenditure_lga_2016_2017.20830"},{"type":"Feature","properties":{"adult_population_2017":80571,"region":"Metro","egms_per_1000_adults_2017":3,"exp_per_adult_2017_aud":182.57,"seifa_advdis_score_advdis_score":1107.97,"lga_code11":"20910","seifa_dis_rank_state":78,"total_net_expenditure_aud":1.471007911E7,"seifa_dis_rank_country":null,"adults_per_venue_2017":16114,"unemployment_rate_as_at_june_2017":3.26,"lga_name":"Bayside (C)","workforce_as_at_june_2017":52163,"seifa_dis_score_dis_score":1091.06,"seifa_advdis_rank_country":null,"seifa_advdis_rank_metro":30,"unemployed_as_at_june_2017":1699,"seifa_dis_rank_metro":29,"lga":"M8","seifa_advdis_rank_state":79},"id":"vcglr_egm_density_expenditure_lga_2016_2017.20910"},{"type":"Feature","properties":{"adult_population_2017":10571,"region":"Country","egms_per_1000_adults_2017":10,"exp_per_adult_2017_aud":480.37,"seifa_advdis_score_advdis_score":944.6,"lga_code11":"21010","seifa_dis_rank_state":16,"total_net_expenditure_aud":5078028.84,"seifa_dis_rank_country":13,"adults_per_venue_2017":3524,"unemployment_rate_as_at_june_2017":5.16,"lga_name":"Benalla (RC)","workforce_as_at_june_2017":6935,"seifa_dis_score_dis_score":957.2,"seifa_advdis_rank_country":20,"seifa_advdis_rank_metro":null,"unemployed_as_at_june_2017":358,"seifa_dis_rank_metro":null,"lga":"C48","seifa_advdis_rank_state":18},"id":"vcglr_egm_density_expenditure_lga_2016_2017.21010"},{"type":"Feature","properties":{"adult_population_2017":142953,"region":"Metro","egms_per_1000_adults_2017":1,"exp_per_adult_2017_aud":135.22,"seifa_advdis_score_advdis_score":1114.3,"lga_code11":"21110","seifa_dis_rank_state":79,"total_net_expenditure_aud":1.93307755E7,"seifa_dis_rank_country":null,"adults_per_venue_2017":35738,"unemployment_rate_as_at_june_2017":4.01,"lga_name":"Boroondara (C)","workforce_as_at_june_2017":102330,"seifa_dis_score_dis_score":1097.63,"seifa_advdis_rank_country":null,"seifa_advdis_rank_metro":31,"unemployed_as_at_june_2017":4107,"seifa_dis_rank_metro":30,"lga":"M12","seifa_advdis_rank_state":80},"id":"vcglr_egm_density_expenditure_lga_2016_2017.21110"},{"type":"Feature","properties":{"adult_population_2017":9514,"region":"Country","egms_per_1000_adults_2017":6,"exp_per_adult_2017_aud":243.49,"seifa_advdis_score_advdis_score":969.92,"lga_code11":"20110","seifa_dis_rank_state":35,"total_net_expenditure_aud":2316519.89,"seifa_dis_rank_country":31,"adults_per_venue_2017":4757,"unemployment_rate_as_at_june_2017":3.44,"lga_name":"Alpine (S)","workforce_as_at_june_2017":6421,"seifa_dis_score_dis_score":986.88,"seifa_advdis_rank_country":26,"seifa_advdis_rank_metro":null,"unemployed_as_at_june_2017":221,"seifa_dis_rank_metro":null,"lga":"C2","seifa_advdis_rank_state":33},"id":"vcglr_egm_density_expenditure_lga_2016_2017.20110"},{"type":"Feature","properties":{"adult_population_2017":8712,"region":"Country","egms_per_1000_adults_2017":10,"exp_per_adult_2017_aud":564.94,"seifa_advdis_score_advdis_score":938.42,"lga_code11":"20260","seifa_dis_rank_state":11,"total_net_expenditure_aud":4921777.36,"seifa_dis_rank_country":9,"adults_per_venue_2017":4356,"unemployment_rate_as_at_june_2017":5.48,"lga_name":"Ararat (RC)","workforce_as_at_june_2017":5616,"seifa_dis_score_dis_score":950.51,"seifa_advdis_rank_country":9,"seifa_advdis_rank_metro":null,"unemployed_as_at_june_2017":308,"seifa_dis_rank_metro":null,"lga":"C43","seifa_advdis_rank_state":11},"id":"vcglr_egm_density_expenditure_lga_2016_2017.20260"},{"type":"Feature","properties":{"adult_population_2017":159506,"region":"Metro","egms_per_1000_adults_2017":6,"exp_per_adult_2017_aud":840.98,"seifa_advdis_score_advdis_score":931.5,"lga_code11":"21180","seifa_dis_rank_state":3,"total_net_expenditure_aud":1.3414167185E8,"seifa_dis_rank_country":null,"adults_per_venue_2017":10634,"unemployment_rate_as_at_june_2017":11.34,"lga_name":"Brimbank (C)","workforce_as_at_june_2017":103488,"seifa_dis_score_dis_score":925.76,"seifa_advdis_rank_country":null,"seifa_advdis_rank_metro":2,"unemployed_as_at_june_2017":11732,"seifa_dis_rank_metro":2,"lga":"M28","seifa_advdis_rank_state":9},"id":"vcglr_egm_density_expenditure_lga_2016_2017.21180"},{"type":"Feature","properties":{"adult_population_2017":4594,"region":"Country","egms_per_1000_adults_2017":0,"exp_per_adult_2017_aud":0.0,"seifa_advdis_score_advdis_score":950.7,"lga_code11":"21270","seifa_dis_rank_state":22,"total_net_expenditure_aud":null,"seifa_dis_rank_country":19,"adults_per_venue_2017":0,"unemployment_rate_as_at_june_2017":4.06,"lga_name":"Buloke (S)","workforce_as_at_june_2017":2957,"seifa_dis_score_dis_score":967.67,"seifa_advdis_rank_country":7,"seifa_advdis_rank_metro":null,"unemployed_as_at_june_2017":120,"seifa_dis_rank_metro":null,"lga":"C7","seifa_advdis_rank_state":22},"id":"vcglr_egm_density_expenditure_lga_2016_2017.21270"},{"type":"Feature","properties":{"adult_population_2017":28645,"region":"Country","egms_per_1000_adults_2017":7,"exp_per_adult_2017_aud":299.14,"seifa_advdis_score_advdis_score":947.07,"lga_code11":"21370","seifa_dis_rank_state":20,"total_net_expenditure_aud":8568948.56,"seifa_dis_rank_country":17,"adults_per_venue_2017":7161,"unemployment_rate_as_at_june_2017":6.15,"lga_name":"Campaspe (S)","workforce_as_at_june_2017":19365,"seifa_dis_score_dis_score":964.07,"seifa_advdis_rank_country":19,"seifa_advdis_rank_metro":null,"unemployed_as_at_june_2017":1190,"seifa_dis_rank_metro":null,"lga":"C10","seifa_advdis_rank_state":20},"id":"vcglr_egm_density_expenditure_lga_2016_2017.21370"},{"type":"Feature","properties":{"adult_population_2017":71966,"region":"Metro","egms_per_1000_adults_2017":5,"exp_per_adult_2017_aud":375.81,"seifa_advdis_score_advdis_score":1008.24,"lga_code11":"21450","seifa_dis_rank_state":60,"total_net_expenditure_aud":2.704532357E7,"seifa_dis_rank_country":null,"adults_per_venue_2017":14393,"unemployment_rate_as_at_june_2017":6.21,"lga_name":"Cardinia (S)","workforce_as_at_june_2017":53286,"seifa_dis_score_dis_score":1024.27,"seifa_advdis_rank_country":null,"seifa_advdis_rank_metro":10,"unemployed_as_at_june_2017":3311,"seifa_dis_rank_metro":15,"lga":"M24","seifa_advdis_rank_state":57},"id":"vcglr_egm_density_expenditure_lga_2016_2017.21450"},{"type":"Feature","properties":{"adult_population_2017":229025,"region":"Metro","egms_per_1000_adults_2017":4,"exp_per_adult_2017_aud":554.93,"seifa_advdis_score_advdis_score":997.43,"lga_code11":"21610","seifa_dis_rank_state":51,"total_net_expenditure_aud":1.2709389189E8,"seifa_dis_rank_country":null,"adults_per_venue_2017":17617,"unemployment_rate_as_at_june_2017":6.67,"lga_name":"Casey (C)","workforce_as_at_june_2017":168810,"seifa_dis_score_dis_score":1006.48,"seifa_advdis_rank_country":null,"seifa_advdis_rank_metro":9,"unemployed_as_at_june_2017":11253,"seifa_dis_rank_metro":11,"lga":"M23","seifa_advdis_rank_state":52},"id":"vcglr_egm_density_expenditure_lga_2016_2017.21610"},{"type":"Feature","properties":{"adult_population_2017":10265,"region":"Country","egms_per_1000_adults_2017":10,"exp_per_adult_2017_aud":713.63,"seifa_advdis_score_advdis_score":887.9,"lga_code11":"21670","seifa_dis_rank_state":2,"total_net_expenditure_aud":7325139.04,"seifa_dis_rank_country":1,"adults_per_venue_2017":5132,"unemployment_rate_as_at_june_2017":7.76,"lga_name":"Central Goldfields (S)","workforce_as_at_june_2017":5475,"seifa_dis_score_dis_score":904.57,"seifa_advdis_rank_country":1,"seifa_advdis_rank_metro":null,"unemployed_as_at_june_2017":425,"seifa_dis_rank_metro":null,"lga":"C31","seifa_advdis_rank_state":1},"id":"vcglr_egm_density_expenditure_lga_2016_2017.21670"},{"type":"Feature","properties":{"adult_population_2017":15790,"region":"Country","egms_per_1000_adults_2017":7,"exp_per_adult_2017_aud":472.86,"seifa_advdis_score_advdis_score":946.48,"lga_code11":"21750","seifa_dis_rank_state":21,"total_net_expenditure_aud":7466425.77,"seifa_dis_rank_country":18,"adults_per_venue_2017":3158,"unemployment_rate_as_at_june_2017":4.16,"lga_name":"Colac-Otway (S)","workforce_as_at_june_2017":11412,"seifa_dis_score_dis_score":964.59,"seifa_advdis_rank_country":18,"seifa_advdis_rank_metro":null,"unemployed_as_at_june_2017":475,"seifa_dis_rank_metro":null,"lga":"C18","seifa_advdis_rank_state":19},"id":"vcglr_egm_density_expenditure_lga_2016_2017.21750"},{"type":"Feature","properties":{"adult_population_2017":11943,"region":"Country","egms_per_1000_adults_2017":5,"exp_per_adult_2017_aud":231.48,"seifa_advdis_score_advdis_score":970.41,"lga_code11":"21830","seifa_dis_rank_state":34,"total_net_expenditure_aud":2764524.83,"seifa_dis_rank_country":30,"adults_per_venue_2017":5971,"unemployment_rate_as_at_june_2017":3.35,"lga_name":"Corangamite (S)","workforce_as_at_june_2017":8606,"seifa_dis_score_dis_score":986.05,"seifa_advdis_rank_country":21,"seifa_advdis_rank_metro":null,"unemployed_as_at_june_2017":288,"seifa_dis_rank_metro":null,"lga":"C3","seifa_advdis_rank_state":34},"id":"vcglr_egm_density_expenditure_lga_2016_2017.21830"},{"type":"Feature","properties":{"adult_population_2017":127229,"region":"Metro","egms_per_1000_adults_2017":6,"exp_per_adult_2017_aud":637.53,"seifa_advdis_score_advdis_score":994.85,"lga_code11":"21890","seifa_dis_rank_state":39,"total_net_expenditure_aud":8.111225979E7,"seifa_dis_rank_country":null,"adults_per_venue_2017":10602,"unemployment_rate_as_at_june_2017":6.95,"lga_name":"Darebin (C)","workforce_as_at_june_2017":82524,"seifa_dis_score_dis_score":990.32,"seifa_advdis_rank_country":null,"seifa_advdis_rank_metro":8,"unemployed_as_at_june_2017":5733,"seifa_dis_rank_metro":6,"lga":"M11","seifa_advdis_rank_state":50},"id":"vcglr_egm_density_expenditure_lga_2016_2017.21890"},{"type":"Feature","properties":{"adult_population_2017":36101,"region":"Country","egms_per_1000_adults_2017":9,"exp_per_adult_2017_aud":650.19,"seifa_advdis_score_advdis_score":942.21,"lga_code11":"22110","seifa_dis_rank_state":17,"total_net_expenditure_aud":2.347219609E7,"seifa_dis_rank_country":14,"adults_per_venue_2017":3610,"unemployment_rate_as_at_june_2017":8.16,"lga_name":"East Gippsland (S)","workforce_as_at_june_2017":21199,"seifa_dis_score_dis_score":958.17,"seifa_advdis_rank_country":17,"seifa_advdis_rank_metro":null,"unemployed_as_at_june_2017":1730,"seifa_dis_rank_metro":null,"lga":"C28","seifa_advdis_rank_state":14},"id":"vcglr_egm_density_expenditure_lga_2016_2017.22110"},{"type":"Feature","properties":{"adult_population_2017":107133,"region":"Metro","egms_per_1000_adults_2017":5,"exp_per_adult_2017_aud":582.53,"seifa_advdis_score_advdis_score":982.8,"lga_code11":"22170","seifa_dis_rank_state":44,"total_net_expenditure_aud":6.240809864E7,"seifa_dis_rank_country":null,"adults_per_venue_2017":11904,"unemployment_rate_as_at_june_2017":6.64,"lga_name":"Frankston (C)","workforce_as_at_june_2017":77928,"seifa_dis_score_dis_score":996.75,"seifa_advdis_rank_country":null,"seifa_advdis_rank_metro":6,"unemployed_as_at_june_2017":5174,"seifa_dis_rank_metro":7,"lga":"M22","seifa_advdis_rank_state":43},"id":"vcglr_egm_density_expenditure_lga_2016_2017.22170"},{"type":"Feature","properties":{"adult_population_2017":7808,"region":"Country","egms_per_1000_adults_2017":6,"exp_per_adult_2017_aud":244.24,"seifa_advdis_score_advdis_score":940.4,"lga_code11":"22250","seifa_dis_rank_state":18,"total_net_expenditure_aud":1907102.44,"seifa_dis_rank_country":15,"adults_per_venue_2017":7808,"unemployment_rate_as_at_june_2017":3.78,"lga_name":"Gannawarra (S)","workforce_as_at_june_2017":5032,"seifa_dis_score_dis_score":958.83,"seifa_advdis_rank_country":8,"seifa_advdis_rank_metro":null,"unemployed_as_at_june_2017":190,"seifa_dis_rank_metro":null,"lga":"C38","seifa_advdis_rank_state":13},"id":"vcglr_egm_density_expenditure_lga_2016_2017.22250"},{"type":"Feature","properties":{"adult_population_2017":48403,"region":"Country","egms_per_1000_adults_2017":7,"exp_per_adult_2017_aud":643.5,"seifa_advdis_score_advdis_score":942.37,"lga_code11":"22830","seifa_dis_rank_state":13,"total_net_expenditure_aud":3.114776424E7,"seifa_dis_rank_country":10,"adults_per_venue_2017":6050,"unemployment_rate_as_at_june_2017":7.17,"lga_name":"Greater Shepparton (C)","workforce_as_at_june_2017":34155,"seifa_dis_score_dis_score":951.9,"seifa_advdis_rank_country":23,"seifa_advdis_rank_metro":null,"unemployed_as_at_june_2017":2448,"seifa_dis_rank_metro":null,"lga":"C24","seifa_advdis_rank_state":15},"id":"vcglr_egm_density_expenditure_lga_2016_2017.22830"},{"type":"Feature","properties":{"adult_population_2017":12111,"region":"Country","egms_per_1000_adults_2017":4,"exp_per_adult_2017_aud":234.89,"seifa_advdis_score_advdis_score":967.11,"lga_code11":"22910","seifa_dis_rank_state":28,"total_net_expenditure_aud":2844831.13,"seifa_dis_rank_country":24,"adults_per_venue_2017":6056,"unemployment_rate_as_at_june_2017":3.39,"lga_name":"Hepburn (S)","workforce_as_at_june_2017":8021,"seifa_dis_score_dis_score":979.59,"seifa_advdis_rank_country":27,"seifa_advdis_rank_metro":null,"unemployed_as_at_june_2017":272,"seifa_dis_rank_metro":null,"lga":"C26","seifa_advdis_rank_state":28},"id":"vcglr_egm_density_expenditure_lga_2016_2017.22910"},{"type":"Feature","properties":{"adult_population_2017":4194,"region":"Country","egms_per_1000_adults_2017":0,"exp_per_adult_2017_aud":0.0,"seifa_advdis_score_advdis_score":928.9,"lga_code11":"22980","seifa_dis_rank_state":9,"total_net_expenditure_aud":null,"seifa_dis_rank_country":7,"adults_per_venue_2017":0,"unemployment_rate_as_at_june_2017":4.14,"lga_name":"Hindmarsh (S)","workforce_as_at_june_2017":2635,"seifa_dis_score_dis_score":946.57,"seifa_advdis_rank_country":4,"seifa_advdis_rank_metro":null,"unemployed_as_at_june_2017":109,"seifa_dis_rank_metro":null,"lga":"C8","seifa_advdis_rank_state":6},"id":"vcglr_egm_density_expenditure_lga_2016_2017.22980"},{"type":"Feature","properties":{"adult_population_2017":74581,"region":"Metro","egms_per_1000_adults_2017":7,"exp_per_adult_2017_aud":628.96,"seifa_advdis_score_advdis_score":999.92,"lga_code11":"23110","seifa_dis_rank_state":49,"total_net_expenditure_aud":4.690851885E7,"seifa_dis_rank_country":null,"adults_per_venue_2017":8287,"unemployment_rate_as_at_june_2017":6.29,"lga_name":"Hobsons Bay (C)","workforce_as_at_june_2017":51620,"seifa_dis_score_dis_score":1001.75,"seifa_advdis_rank_country":null,"seifa_advdis_rank_metro":12,"unemployed_as_at_june_2017":3249,"seifa_dis_rank_metro":9,"lga":"M3","seifa_advdis_rank_state":54},"id":"vcglr_egm_density_expenditure_lga_2016_2017.23110"},{"type":"Feature","properties":{"adult_population_2017":15399,"region":"Country","egms_per_1000_adults_2017":10,"exp_per_adult_2017_aud":597.61,"seifa_advdis_score_advdis_score":970.8,"lga_code11":"23190","seifa_dis_rank_state":36,"total_net_expenditure_aud":9202786.89,"seifa_dis_rank_country":32,"adults_per_venue_2017":5133,"unemployment_rate_as_at_june_2017":3.85,"lga_name":"Horsham (RC)","workforce_as_at_june_2017":10313,"seifa_dis_score_dis_score":987.39,"seifa_advdis_rank_country":28,"seifa_advdis_rank_metro":null,"unemployed_as_at_june_2017":397,"seifa_dis_rank_metro":null,"lga":"C5","seifa_advdis_rank_state":35},"id":"vcglr_egm_density_expenditure_lga_2016_2017.23190"},{"type":"Feature","properties":{"adult_population_2017":151170,"region":"Metro","egms_per_1000_adults_2017":5,"exp_per_adult_2017_aud":699.65,"seifa_advdis_score_advdis_score":950.28,"lga_code11":"23270","seifa_dis_rank_state":12,"total_net_expenditure_aud":1.0576640957E8,"seifa_dis_rank_country":null,"adults_per_venue_2017":10798,"unemployment_rate_as_at_june_2017":10.27,"lga_name":"Hume (C)","workforce_as_at_june_2017":101634,"seifa_dis_score_dis_score":951.75,"seifa_advdis_rank_country":null,"seifa_advdis_rank_metro":3,"unemployed_as_at_june_2017":10437,"seifa_dis_rank_metro":3,"lga":"M27","seifa_advdis_rank_state":21},"id":"vcglr_egm_density_expenditure_lga_2016_2017.23270"},{"type":"Feature","properties":{"adult_population_2017":12113,"region":"Country","egms_per_1000_adults_2017":0,"exp_per_adult_2017_aud":0.0,"seifa_advdis_score_advdis_score":997.15,"lga_code11":"23350","seifa_dis_rank_state":53,"total_net_expenditure_aud":null,"seifa_dis_rank_country":42,"adults_per_venue_2017":0,"unemployment_rate_as_at_june_2017":3.38,"lga_name":"Indigo (S)","workforce_as_at_june_2017":8570,"seifa_dis_score_dis_score":1009.81,"seifa_advdis_rank_country":45,"seifa_advdis_rank_metro":null,"unemployed_as_at_june_2017":290,"seifa_dis_rank_metro":null,"lga":"C35","seifa_advdis_rank_state":51},"id":"vcglr_egm_density_expenditure_lga_2016_2017.23350"},{"type":"Feature","properties":{"adult_population_2017":125706,"region":"Metro","egms_per_1000_adults_2017":7,"exp_per_adult_2017_aud":660.41,"seifa_advdis_score_advdis_score":1033.78,"lga_code11":"23430","seifa_dis_rank_state":65,"total_net_expenditure_aud":8.301692848E7,"seifa_dis_rank_country":null,"adults_per_venue_2017":7857,"unemployment_rate_as_at_june_2017":5.56,"lga_name":"Kingston (C)","workforce_as_at_june_2017":84549,"seifa_dis_score_dis_score":1037.75,"seifa_advdis_rank_country":null,"seifa_advdis_rank_metro":16,"unemployed_as_at_june_2017":4697,"seifa_dis_rank_metro":19,"lga":"M20","seifa_advdis_rank_state":63},"id":"vcglr_egm_density_expenditure_lga_2016_2017.23430"},{"type":"Feature","properties":{"adult_population_2017":125350,"region":"Metro","egms_per_1000_adults_2017":6,"exp_per_adult_2017_aud":598.82,"seifa_advdis_score_advdis_score":1038.98,"lga_code11":"23670","seifa_dis_rank_state":69,"total_net_expenditure_aud":7.506192449E7,"seifa_dis_rank_country":null,"adults_per_venue_2017":11395,"unemployment_rate_as_at_june_2017":4.13,"lga_name":"Knox (C)","workforce_as_at_june_2017":89861,"seifa_dis_score_dis_score":1049.3,"seifa_advdis_rank_country":null,"seifa_advdis_rank_metro":19,"unemployed_as_at_june_2017":3710,"seifa_dis_rank_metro":23,"lga":"M18","seifa_advdis_rank_state":65},"id":"vcglr_egm_density_expenditure_lga_2016_2017.23670"},{"type":"Feature","properties":{"adult_population_2017":57025,"region":"Country","egms_per_1000_adults_2017":9,"exp_per_adult_2017_aud":763.73,"seifa_advdis_score_advdis_score":929.15,"lga_code11":"23810","seifa_dis_rank_state":7,"total_net_expenditure_aud":4.355205713E7,"seifa_dis_rank_country":5,"adults_per_venue_2017":4387,"unemployment_rate_as_at_june_2017":9.78,"lga_name":"Latrobe (C)","workforce_as_at_june_2017":37296,"seifa_dis_score_dis_score":939.68,"seifa_advdis_rank_country":15,"seifa_advdis_rank_metro":null,"unemployed_as_at_june_2017":3647,"seifa_dis_rank_metro":null,"lga":"C30","seifa_advdis_rank_state":7},"id":"vcglr_egm_density_expenditure_lga_2016_2017.23810"},{"type":"Feature","properties":{"adult_population_2017":5865,"region":"Country","egms_per_1000_adults_2017":0,"exp_per_adult_2017_aud":0.0,"seifa_advdis_score_advdis_score":925.53,"lga_code11":"23940","seifa_dis_rank_state":4,"total_net_expenditure_aud":null,"seifa_dis_rank_country":2,"adults_per_venue_2017":0,"unemployment_rate_as_at_june_2017":5.16,"lga_name":"Loddon (S)","workforce_as_at_june_2017":3181,"seifa_dis_score_dis_score":934.09,"seifa_advdis_rank_country":2,"seifa_advdis_rank_metro":null,"unemployed_as_at_june_2017":164,"seifa_dis_rank_metro":null,"lga":"C46","seifa_advdis_rank_state":4},"id":"vcglr_egm_density_expenditure_lga_2016_2017.23940"},{"type":"Feature","properties":{"adult_population_2017":35672,"region":"Country","egms_per_1000_adults_2017":3,"exp_per_adult_2017_aud":267.05,"seifa_advdis_score_advdis_score":1046.85,"lga_code11":"24130","seifa_dis_rank_state":72,"total_net_expenditure_aud":9526013.69,"seifa_dis_rank_country":47,"adults_per_venue_2017":11891,"unemployment_rate_as_at_june_2017":2.53,"lga_name":"Macedon Ranges (S)","workforce_as_at_june_2017":25017,"seifa_dis_score_dis_score":1055.08,"seifa_advdis_rank_country":46,"seifa_advdis_rank_metro":null,"unemployed_as_at_june_2017":633,"seifa_dis_rank_metro":null,"lga":"C45","seifa_advdis_rank_state":68},"id":"vcglr_egm_density_expenditure_lga_2016_2017.24130"},{"type":"Feature","properties":{"adult_population_2017":99095,"region":"Metro","egms_per_1000_adults_2017":5,"exp_per_adult_2017_aud":546.65,"seifa_advdis_score_advdis_score":1081.47,"lga_code11":"24210","seifa_dis_rank_state":76,"total_net_expenditure_aud":5.417006246E7,"seifa_dis_rank_country":null,"adults_per_venue_2017":14156,"unemployment_rate_as_at_june_2017":5.83,"lga_name":"Manningham (C)","workforce_as_at_june_2017":65722,"seifa_dis_score_dis_score":1071.43,"seifa_advdis_rank_country":null,"seifa_advdis_rank_metro":25,"unemployed_as_at_june_2017":3832,"seifa_dis_rank_metro":27,"lga":"M14","seifa_advdis_rank_state":76},"id":"vcglr_egm_density_expenditure_lga_2016_2017.24210"},{"type":"Feature","properties":{"adult_population_2017":6450,"region":"Country","egms_per_1000_adults_2017":6,"exp_per_adult_2017_aud":251.07,"seifa_advdis_score_advdis_score":991.67,"lga_code11":"24250","seifa_dis_rank_state":54,"total_net_expenditure_aud":1619488.47,"seifa_dis_rank_country":43,"adults_per_venue_2017":6450,"unemployment_rate_as_at_june_2017":2.86,"lga_name":"Mansfield (S)","workforce_as_at_june_2017":4442,"seifa_dis_score_dis_score":1012.14,"seifa_advdis_rank_country":37,"seifa_advdis_rank_metro":null,"unemployed_as_at_june_2017":127,"seifa_dis_rank_metro":null,"lga":"C49","seifa_advdis_rank_state":47},"id":"vcglr_egm_density_expenditure_lga_2016_2017.24250"},{"type":"Feature","properties":{"adult_population_2017":70225,"region":"Metro","egms_per_1000_adults_2017":6,"exp_per_adult_2017_aud":769.94,"seifa_advdis_score_advdis_score":988.43,"lga_code11":"24330","seifa_dis_rank_state":24,"total_net_expenditure_aud":5.406851053E7,"seifa_dis_rank_country":null,"adults_per_venue_2017":7803,"unemployment_rate_as_at_june_2017":7.74,"lga_name":"Maribyrnong (C)","workforce_as_at_june_2017":50666,"seifa_dis_score_dis_score":974.01,"seifa_advdis_rank_country":null,"seifa_advdis_rank_metro":5,"unemployed_as_at_june_2017":3920,"seifa_dis_rank_metro":4,"lga":"M5","seifa_advdis_rank_state":46},"id":"vcglr_egm_density_expenditure_lga_2016_2017.24330"},{"type":"Feature","properties":{"adult_population_2017":90000,"region":"Metro","egms_per_1000_adults_2017":8,"exp_per_adult_2017_aud":723.5,"seifa_advdis_score_advdis_score":1034.28,"lga_code11":"24410","seifa_dis_rank_state":66,"total_net_expenditure_aud":6.511489786E7,"seifa_dis_rank_country":null,"adults_per_venue_2017":9000,"unemployment_rate_as_at_june_2017":4.89,"lga_name":"Maroondah (C)","workforce_as_at_june_2017":62478,"seifa_dis_score_dis_score":1043.87,"seifa_advdis_rank_country":null,"seifa_advdis_rank_metro":18,"unemployed_as_at_june_2017":3055,"seifa_dis_rank_metro":20,"lga":"M17","seifa_advdis_rank_state":64},"id":"vcglr_egm_density_expenditure_lga_2016_2017.24410"},{"type":"Feature","properties":{"adult_population_2017":130602,"region":"Metro","egms_per_1000_adults_2017":6,"exp_per_adult_2017_aud":615.22,"seifa_advdis_score_advdis_score":1050.96,"lga_code11":"24600","seifa_dis_rank_state":61,"total_net_expenditure_aud":8.034922084E7,"seifa_dis_rank_country":null,"adults_per_venue_2017":11873,"unemployment_rate_as_at_june_2017":3.81,"lga_name":"Melbourne (C)","workforce_as_at_june_2017":88722,"seifa_dis_score_dis_score":1025.81,"seifa_advdis_rank_country":null,"seifa_advdis_rank_metro":28,"unemployed_as_at_june_2017":3384,"seifa_dis_rank_metro":16,"lga":"M1","seifa_advdis_rank_state":70},"id":"vcglr_egm_density_expenditure_lga_2016_2017.24600"},{"type":"Feature","properties":{"adult_population_2017":103704,"region":"Metro","egms_per_1000_adults_2017":5,"exp_per_adult_2017_aud":589.73,"seifa_advdis_score_advdis_score":993.08,"lga_code11":"24650","seifa_dis_rank_state":50,"total_net_expenditure_aud":6.115731167E7,"seifa_dis_rank_country":null,"adults_per_venue_2017":14815,"unemployment_rate_as_at_june_2017":8.97,"lga_name":"Melton (S)","workforce_as_at_june_2017":75230,"seifa_dis_score_dis_score":1002.15,"seifa_advdis_rank_country":null,"seifa_advdis_rank_metro":7,"unemployed_as_at_june_2017":6751,"seifa_dis_rank_metro":10,"lga":"M29","seifa_advdis_rank_state":48},"id":"vcglr_egm_density_expenditure_lga_2016_2017.24650"},{"type":"Feature","properties":{"adult_population_2017":40949,"region":"Country","egms_per_1000_adults_2017":7,"exp_per_adult_2017_aud":618.08,"seifa_advdis_score_advdis_score":924.07,"lga_code11":"24780","seifa_dis_rank_state":5,"total_net_expenditure_aud":2.530960749E7,"seifa_dis_rank_country":3,"adults_per_venue_2017":5119,"unemployment_rate_as_at_june_2017":6.53,"lga_name":"Mildura (RC)","workforce_as_at_june_2017":26697,"seifa_dis_score_dis_score":935.02,"seifa_advdis_rank_country":16,"seifa_advdis_rank_metro":null,"unemployed_as_at_june_2017":1744,"seifa_dis_rank_metro":null,"lga":"C27","seifa_advdis_rank_state":3},"id":"vcglr_egm_density_expenditure_lga_2016_2017.24780"},{"type":"Feature","properties":{"adult_population_2017":30645,"region":"Country","egms_per_1000_adults_2017":7,"exp_per_adult_2017_aud":566.36,"seifa_advdis_score_advdis_score":979.03,"lga_code11":"24850","seifa_dis_rank_state":43,"total_net_expenditure_aud":1.73562495E7,"seifa_dis_rank_country":37,"adults_per_venue_2017":6129,"unemployment_rate_as_at_june_2017":5.93,"lga_name":"Mitchell (S)","workforce_as_at_june_2017":22261,"seifa_dis_score_dis_score":996.06,"seifa_advdis_rank_country":39,"seifa_advdis_rank_metro":null,"unemployed_as_at_june_2017":1319,"seifa_dis_rank_metro":null,"lga":"C13","seifa_advdis_rank_state":38},"id":"vcglr_egm_density_expenditure_lga_2016_2017.24850"},{"type":"Feature","properties":{"adult_population_2017":22762,"region":"Country","egms_per_1000_adults_2017":5,"exp_per_adult_2017_aud":166.11,"seifa_advdis_score_advdis_score":936.27,"lga_code11":"24900","seifa_dis_rank_state":15,"total_net_expenditure_aud":3780992.31,"seifa_dis_rank_country":12,"adults_per_venue_2017":11381,"unemployment_rate_as_at_june_2017":6.34,"lga_name":"Moira (S)","workforce_as_at_june_2017":14374,"seifa_dis_score_dis_score":952.38,"seifa_advdis_rank_country":12,"seifa_advdis_rank_metro":null,"unemployed_as_at_june_2017":911,"seifa_dis_rank_metro":null,"lga":"C17","seifa_advdis_rank_state":10},"id":"vcglr_egm_density_expenditure_lga_2016_2017.24900"},{"type":"Feature","properties":{"adult_population_2017":155678,"region":"Metro","egms_per_1000_adults_2017":6,"exp_per_adult_2017_aud":701.45,"seifa_advdis_score_advdis_score":1053.66,"lga_code11":"24970","seifa_dis_rank_state":67,"total_net_expenditure_aud":1.092007871E8,"seifa_dis_rank_country":null,"adults_per_venue_2017":10379,"unemployment_rate_as_at_june_2017":3.19,"lga_name":"Monash (C)","workforce_as_at_june_2017":100170,"seifa_dis_score_dis_score":1044.92,"seifa_advdis_rank_country":null,"seifa_advdis_rank_metro":22,"unemployed_as_at_june_2017":3197,"seifa_dis_rank_metro":21,"lga":"M19","seifa_advdis_rank_state":71},"id":"vcglr_egm_density_expenditure_lga_2016_2017.24970"},{"type":"Feature","properties":{"adult_population_2017":98927,"region":"Metro","egms_per_1000_adults_2017":7,"exp_per_adult_2017_aud":765.0,"seifa_advdis_score_advdis_score":1030.54,"lga_code11":"25060","seifa_dis_rank_state":62,"total_net_expenditure_aud":7.567908321E7,"seifa_dis_rank_country":null,"adults_per_venue_2017":8993,"unemployment_rate_as_at_june_2017":5.11,"lga_name":"Moonee Valley (C)","workforce_as_at_june_2017":65264,"seifa_dis_score_dis_score":1027.15,"seifa_advdis_rank_country":null,"seifa_advdis_rank_metro":17,"unemployed_as_at_june_2017":3334,"seifa_dis_rank_metro":17,"lga":"M9","seifa_advdis_rank_state":62},"id":"vcglr_egm_density_expenditure_lga_2016_2017.25060"},{"type":"Feature","properties":{"adult_population_2017":24945,"region":"Country","egms_per_1000_adults_2017":4,"exp_per_adult_2017_aud":342.79,"seifa_advdis_score_advdis_score":994.71,"lga_code11":"25150","seifa_dis_rank_state":52,"total_net_expenditure_aud":8550958.4,"seifa_dis_rank_country":41,"adults_per_venue_2017":8315,"unemployment_rate_as_at_june_2017":6.16,"lga_name":"Moorabool (S)","workforce_as_at_june_2017":17643,"seifa_dis_score_dis_score":1008.46,"seifa_advdis_rank_country":43,"seifa_advdis_rank_metro":null,"unemployed_as_at_june_2017":1086,"seifa_dis_rank_metro":null,"lga":"C22","seifa_advdis_rank_state":49},"id":"vcglr_egm_density_expenditure_lga_2016_2017.25150"},{"type":"Feature","properties":{"adult_population_2017":142043,"region":"Metro","egms_per_1000_adults_2017":5,"exp_per_adult_2017_aud":433.87,"seifa_advdis_score_advdis_score":999.81,"lga_code11":"25250","seifa_dis_rank_state":46,"total_net_expenditure_aud":6.162768548E7,"seifa_dis_rank_country":null,"adults_per_venue_2017":11837,"unemployment_rate_as_at_june_2017":6.82,"lga_name":"Moreland (C)","workforce_as_at_june_2017":89693,"seifa_dis_score_dis_score":998.06,"seifa_advdis_rank_country":null,"seifa_advdis_rank_metro":11,"unemployed_as_at_june_2017":6121,"seifa_dis_rank_metro":8,"lga":"M10","seifa_advdis_rank_state":53},"id":"vcglr_egm_density_expenditure_lga_2016_2017.25250"},{"type":"Feature","properties":{"adult_population_2017":124321,"region":"Metro","egms_per_1000_adults_2017":7,"exp_per_adult_2017_aud":664.12,"seifa_advdis_score_advdis_score":1011.43,"lga_code11":"25340","seifa_dis_rank_state":59,"total_net_expenditure_aud":8.256331329E7,"seifa_dis_rank_country":null,"adults_per_venue_2017":7313,"unemployment_rate_as_at_june_2017":4.7,"lga_name":"Mornington Peninsula (S)","workforce_as_at_june_2017":81557,"seifa_dis_score_dis_score":1022.54,"seifa_advdis_rank_country":null,"seifa_advdis_rank_metro":14,"unemployed_as_at_june_2017":3831,"seifa_dis_rank_metro":14,"lga":"M31","seifa_advdis_rank_state":59},"id":"vcglr_egm_density_expenditure_lga_2016_2017.25340"},{"type":"Feature","properties":{"adult_population_2017":15039,"region":"Country","egms_per_1000_adults_2017":2,"exp_per_adult_2017_aud":187.73,"seifa_advdis_score_advdis_score":969.86,"lga_code11":"25430","seifa_dis_rank_state":32,"total_net_expenditure_aud":2823286.73,"seifa_dis_rank_country":28,"adults_per_venue_2017":15039,"unemployment_rate_as_at_june_2017":3.72,"lga_name":"Mount Alexander (S)","workforce_as_at_june_2017":8503,"seifa_dis_score_dis_score":983.35,"seifa_advdis_rank_country":32,"seifa_advdis_rank_metro":null,"unemployed_as_at_june_2017":316,"seifa_dis_rank_metro":null,"lga":"C47","seifa_advdis_rank_state":32},"id":"vcglr_egm_density_expenditure_lga_2016_2017.25430"},{"type":"Feature","properties":{"adult_population_2017":12484,"region":"Country","egms_per_1000_adults_2017":0,"exp_per_adult_2017_aud":0.0,"seifa_advdis_score_advdis_score":1004.93,"lga_code11":"25490","seifa_dis_rank_state":56,"total_net_expenditure_aud":null,"seifa_dis_rank_country":44,"adults_per_venue_2017":0,"unemployment_rate_as_at_june_2017":3.05,"lga_name":"Moyne (S)","workforce_as_at_june_2017":9305,"seifa_dis_score_dis_score":1017.26,"seifa_advdis_rank_country":35,"seifa_advdis_rank_metro":null,"unemployed_as_at_june_2017":284,"seifa_dis_rank_metro":null,"lga":"C36","seifa_advdis_rank_state":55},"id":"vcglr_egm_density_expenditure_lga_2016_2017.25490"},{"type":"Feature","properties":{"adult_population_2017":11220,"region":"Country","egms_per_1000_adults_2017":2,"exp_per_adult_2017_aud":127.79,"seifa_advdis_score_advdis_score":982.25,"lga_code11":"25620","seifa_dis_rank_state":45,"total_net_expenditure_aud":1433765.85,"seifa_dis_rank_country":38,"adults_per_venue_2017":11220,"unemployment_rate_as_at_june_2017":4.33,"lga_name":"Murrindindi (S)","workforce_as_at_june_2017":7299,"seifa_dis_score_dis_score":997.18,"seifa_advdis_rank_country":40,"seifa_advdis_rank_metro":null,"unemployed_as_at_june_2017":316,"seifa_dis_rank_metro":null,"lga":"C41","seifa_advdis_rank_state":41},"id":"vcglr_egm_density_expenditure_lga_2016_2017.25620"},{"type":"Feature","properties":{"adult_population_2017":48614,"region":"Metro","egms_per_1000_adults_2017":2,"exp_per_adult_2017_aud":170.7,"seifa_advdis_score_advdis_score":1099.03,"lga_code11":"25710","seifa_dis_rank_state":80,"total_net_expenditure_aud":8298522.61,"seifa_dis_rank_country":null,"adults_per_venue_2017":24307,"unemployment_rate_as_at_june_2017":2.6,"lga_name":"Nillumbik (S)","workforce_as_at_june_2017":39288,"seifa_dis_score_dis_score":1098.26,"seifa_advdis_rank_country":null,"seifa_advdis_rank_metro":26,"unemployed_as_at_june_2017":1022,"seifa_dis_rank_metro":31,"lga":"M16","seifa_advdis_rank_state":78},"id":"vcglr_egm_density_expenditure_lga_2016_2017.25710"},{"type":"Feature","properties":{"adult_population_2017":9131,"region":"Country","egms_per_1000_adults_2017":9,"exp_per_adult_2017_aud":458.19,"seifa_advdis_score_advdis_score":925.61,"lga_code11":"25810","seifa_dis_rank_state":6,"total_net_expenditure_aud":4183804.74,"seifa_dis_rank_country":4,"adults_per_venue_2017":4566,"unemployment_rate_as_at_june_2017":5.05,"lga_name":"Northern Grampians (S)","workforce_as_at_june_2017":5742,"seifa_dis_score_dis_score":937.59,"seifa_advdis_rank_country":6,"seifa_advdis_rank_metro":null,"unemployed_as_at_june_2017":290,"seifa_dis_rank_metro":null,"lga":"C14","seifa_advdis_rank_state":5},"id":"vcglr_egm_density_expenditure_lga_2016_2017.25810"},{"type":"Feature","properties":{"adult_population_2017":95351,"region":"Metro","egms_per_1000_adults_2017":4,"exp_per_adult_2017_aud":288.06,"seifa_advdis_score_advdis_score":1076.77,"lga_code11":"25900","seifa_dis_rank_state":73,"total_net_expenditure_aud":2.746698375E7,"seifa_dis_rank_country":null,"adults_per_venue_2017":9535,"unemployment_rate_as_at_june_2017":4.41,"lga_name":"Port Phillip (C)","workforce_as_at_june_2017":69270,"seifa_dis_score_dis_score":1065.72,"seifa_advdis_rank_country":null,"seifa_advdis_rank_metro":27,"unemployed_as_at_june_2017":3052,"seifa_dis_rank_metro":25,"lga":"M2","seifa_advdis_rank_state":75},"id":"vcglr_egm_density_expenditure_lga_2016_2017.25900"},{"type":"Feature","properties":{"adult_population_2017":5623,"region":"Country","egms_per_1000_adults_2017":0,"exp_per_adult_2017_aud":0.0,"seifa_advdis_score_advdis_score":929.78,"lga_code11":"25990","seifa_dis_rank_state":8,"total_net_expenditure_aud":null,"seifa_dis_rank_country":6,"adults_per_venue_2017":0,"unemployment_rate_as_at_june_2017":4.41,"lga_name":"Pyrenees (S)","workforce_as_at_june_2017":3403,"seifa_dis_score_dis_score":939.85,"seifa_advdis_rank_country":3,"seifa_advdis_rank_metro":null,"unemployed_as_at_june_2017":150,"seifa_dis_rank_metro":null,"lga":"C44","seifa_advdis_rank_state":8},"id":"vcglr_egm_density_expenditure_lga_2016_2017.25990"},{"type":"Feature","properties":{"adult_population_2017":2524,"region":"Country","egms_per_1000_adults_2017":12,"exp_per_adult_2017_aud":508.09,"seifa_advdis_score_advdis_score":1047.25,"lga_code11":"26080","seifa_dis_rank_state":71,"total_net_expenditure_aud":1282462.14,"seifa_dis_rank_country":46,"adults_per_venue_2017":2524,"unemployment_rate_as_at_june_2017":2.99,"lga_name":"Queenscliffe (B)","workforce_as_at_june_2017":1371,"seifa_dis_score_dis_score":1053.2,"seifa_advdis_rank_country":47,"seifa_advdis_rank_metro":null,"unemployed_as_at_june_2017":41,"seifa_dis_rank_metro":null,"lga":"C1","seifa_advdis_rank_state":69},"id":"vcglr_egm_density_expenditure_lga_2016_2017.26080"},{"type":"Feature","properties":{"adult_population_2017":21828,"region":"Country","egms_per_1000_adults_2017":5,"exp_per_adult_2017_aud":301.26,"seifa_advdis_score_advdis_score":980.51,"lga_code11":"26170","seifa_dis_rank_state":48,"total_net_expenditure_aud":6575894.83,"seifa_dis_rank_country":40,"adults_per_venue_2017":5457,"unemployment_rate_as_at_june_2017":4.41,"lga_name":"South Gippsland (S)","workforce_as_at_june_2017":14923,"seifa_dis_score_dis_score":999.52,"seifa_advdis_rank_country":30,"seifa_advdis_rank_metro":null,"unemployed_as_at_june_2017":658,"seifa_dis_rank_metro":null,"lga":"C4","seifa_advdis_rank_state":40},"id":"vcglr_egm_density_expenditure_lga_2016_2017.26170"},{"type":"Feature","properties":{"adult_population_2017":12191,"region":"Country","egms_per_1000_adults_2017":6,"exp_per_adult_2017_aud":504.64,"seifa_advdis_score_advdis_score":977.6,"lga_code11":"26260","seifa_dis_rank_state":41,"total_net_expenditure_aud":6152158.79,"seifa_dis_rank_country":35,"adults_per_venue_2017":6096,"unemployment_rate_as_at_june_2017":4.51,"lga_name":"Southern Grampians (S)","workforce_as_at_june_2017":8643,"seifa_dis_score_dis_score":994.46,"seifa_advdis_rank_country":29,"seifa_advdis_rank_metro":null,"unemployed_as_at_june_2017":390,"seifa_dis_rank_metro":null,"lga":"C37","seifa_advdis_rank_state":37},"id":"vcglr_egm_density_expenditure_lga_2016_2017.26260"},{"type":"Feature","properties":{"adult_population_2017":95060,"region":"Metro","egms_per_1000_adults_2017":3,"exp_per_adult_2017_aud":242.29,"seifa_advdis_score_advdis_score":1097.82,"lga_code11":"26350","seifa_dis_rank_state":77,"total_net_expenditure_aud":2.303256279E7,"seifa_dis_rank_country":null,"adults_per_venue_2017":13580,"unemployment_rate_as_at_june_2017":3.01,"lga_name":"Stonnington (C)","workforce_as_at_june_2017":66096,"seifa_dis_score_dis_score":1083.69,"seifa_advdis_rank_country":null,"seifa_advdis_rank_metro":29,"unemployed_as_at_june_2017":1991,"seifa_dis_rank_metro":28,"lga":"M6","seifa_advdis_rank_state":77},"id":"vcglr_egm_density_expenditure_lga_2016_2017.26350"},{"type":"Feature","properties":{"adult_population_2017":8137,"region":"Country","egms_per_1000_adults_2017":4,"exp_per_adult_2017_aud":149.93,"seifa_advdis_score_advdis_score":956.36,"lga_code11":"26430","seifa_dis_rank_state":23,"total_net_expenditure_aud":1219972.05,"seifa_dis_rank_country":20,"adults_per_venue_2017":8137,"unemployment_rate_as_at_june_2017":4.23,"lga_name":"Strathbogie (S)","workforce_as_at_june_2017":5083,"seifa_dis_score_dis_score":970.2,"seifa_advdis_rank_country":14,"seifa_advdis_rank_metro":null,"unemployed_as_at_june_2017":215,"seifa_dis_rank_metro":null,"lga":"C42","seifa_advdis_rank_state":23},"id":"vcglr_egm_density_expenditure_lga_2016_2017.26430"},{"type":"Feature","properties":{"adult_population_2017":22493,"region":"Country","egms_per_1000_adults_2017":3,"exp_per_adult_2017_aud":130.02,"seifa_advdis_score_advdis_score":1059.78,"lga_code11":"26490","seifa_dis_rank_state":74,"total_net_expenditure_aud":2924662.21,"seifa_dis_rank_country":48,"adults_per_venue_2017":7498,"unemployment_rate_as_at_june_2017":2.68,"lga_name":"Surf Coast (S)","workforce_as_at_june_2017":16433,"seifa_dis_score_dis_score":1066.46,"seifa_advdis_rank_country":48,"seifa_advdis_rank_metro":null,"unemployed_as_at_june_2017":440,"seifa_dis_rank_metro":null,"lga":"C33","seifa_advdis_rank_state":73},"id":"vcglr_egm_density_expenditure_lga_2016_2017.26490"},{"type":"Feature","properties":{"adult_population_2017":15622,"region":"Country","egms_per_1000_adults_2017":10,"exp_per_adult_2017_aud":476.2,"seifa_advdis_score_advdis_score":939.41,"lga_code11":"26610","seifa_dis_rank_state":10,"total_net_expenditure_aud":7439367.75,"seifa_dis_rank_country":8,"adults_per_venue_2017":3906,"unemployment_rate_as_at_june_2017":4.34,"lga_name":"Swan Hill (RC)","workforce_as_at_june_2017":10492,"seifa_dis_score_dis_score":949.83,"seifa_advdis_rank_country":11,"seifa_advdis_rank_metro":null,"unemployed_as_at_june_2017":455,"seifa_dis_rank_metro":null,"lga":"C23","seifa_advdis_rank_state":12},"id":"vcglr_egm_density_expenditure_lga_2016_2017.26610"},{"type":"Feature","properties":{"adult_population_2017":4567,"region":"Country","egms_per_1000_adults_2017":2,"exp_per_adult_2017_aud":55.75,"seifa_advdis_score_advdis_score":982.47,"lga_code11":"26670","seifa_dis_rank_state":42,"total_net_expenditure_aud":254603.83,"seifa_dis_rank_country":36,"adults_per_venue_2017":4567,"unemployment_rate_as_at_june_2017":4.54,"lga_name":"Towong (S)","workforce_as_at_june_2017":3086,"seifa_dis_score_dis_score":995.92,"seifa_advdis_rank_country":31,"seifa_advdis_rank_metro":null,"unemployed_as_at_june_2017":140,"seifa_dis_rank_metro":null,"lga":"C34","seifa_advdis_rank_state":42},"id":"vcglr_egm_density_expenditure_lga_2016_2017.26670"},{"type":"Feature","properties":{"adult_population_2017":21107,"region":"Country","egms_per_1000_adults_2017":6,"exp_per_adult_2017_aud":412.76,"seifa_advdis_score_advdis_score":965.11,"lga_code11":"26700","seifa_dis_rank_state":30,"total_net_expenditure_aud":8712157.83,"seifa_dis_rank_country":26,"adults_per_venue_2017":5277,"unemployment_rate_as_at_june_2017":4.66,"lga_name":"Wangaratta (RC)","workforce_as_at_june_2017":14929,"seifa_dis_score_dis_score":981.12,"seifa_advdis_rank_country":25,"seifa_advdis_rank_metro":null,"unemployed_as_at_june_2017":696,"seifa_dis_rank_metro":null,"lga":"C9","seifa_advdis_rank_state":27},"id":"vcglr_egm_density_expenditure_lga_2016_2017.26700"},{"type":"Feature","properties":{"adult_population_2017":26469,"region":"Country","egms_per_1000_adults_2017":9,"exp_per_adult_2017_aud":710.06,"seifa_advdis_score_advdis_score":969.8,"lga_code11":"26730","seifa_dis_rank_state":37,"total_net_expenditure_aud":1.879444223E7,"seifa_dis_rank_country":33,"adults_per_venue_2017":3309,"unemployment_rate_as_at_june_2017":4.63,"lga_name":"Warrnambool (C)","workforce_as_at_june_2017":19095,"seifa_dis_score_dis_score":988.57,"seifa_advdis_rank_country":36,"seifa_advdis_rank_metro":null,"unemployed_as_at_june_2017":885,"seifa_dis_rank_metro":null,"lga":"C16","seifa_advdis_rank_state":31},"id":"vcglr_egm_density_expenditure_lga_2016_2017.26730"},{"type":"Feature","properties":{"adult_population_2017":32573,"region":"Country","egms_per_1000_adults_2017":10,"exp_per_adult_2017_aud":670.18,"seifa_advdis_score_advdis_score":960.85,"lga_code11":"26810","seifa_dis_rank_state":25,"total_net_expenditure_aud":2.182965787E7,"seifa_dis_rank_country":21,"adults_per_venue_2017":4653,"unemployment_rate_as_at_june_2017":6.23,"lga_name":"Wellington (S)","workforce_as_at_june_2017":21686,"seifa_dis_score_dis_score":974.09,"seifa_advdis_rank_country":24,"seifa_advdis_rank_metro":null,"unemployed_as_at_june_2017":1350,"seifa_dis_rank_metro":null,"lga":"C12","seifa_advdis_rank_state":25},"id":"vcglr_egm_density_expenditure_lga_2016_2017.26810"},{"type":"Feature","properties":{"adult_population_2017":2978,"region":"Country","egms_per_1000_adults_2017":0,"exp_per_adult_2017_aud":0.0,"seifa_advdis_score_advdis_score":977.1,"lga_code11":"26890","seifa_dis_rank_state":33,"total_net_expenditure_aud":null,"seifa_dis_rank_country":29,"adults_per_venue_2017":0,"unemployment_rate_as_at_june_2017":3.02,"lga_name":"West Wimmera (S)","workforce_as_at_june_2017":2085,"seifa_dis_score_dis_score":985.64,"seifa_advdis_rank_country":10,"seifa_advdis_rank_metro":null,"unemployed_as_at_june_2017":63,"seifa_dis_rank_metro":null,"lga":"C39","seifa_advdis_rank_state":36},"id":"vcglr_egm_density_expenditure_lga_2016_2017.26890"},{"type":"Feature","properties":{"adult_population_2017":136502,"region":"Metro","egms_per_1000_adults_2017":3,"exp_per_adult_2017_aud":387.42,"seifa_advdis_score_advdis_score":1057.21,"lga_code11":"26980","seifa_dis_rank_state":70,"total_net_expenditure_aud":5.288428966E7,"seifa_dis_rank_country":null,"adults_per_venue_2017":22750,"unemployment_rate_as_at_june_2017":5.93,"lga_name":"Whitehorse (C)","workforce_as_at_june_2017":90786,"seifa_dis_score_dis_score":1051.17,"seifa_advdis_rank_country":null,"seifa_advdis_rank_metro":21,"unemployed_as_at_june_2017":5386,"seifa_dis_rank_metro":24,"lga":"M13","seifa_advdis_rank_state":72},"id":"vcglr_egm_density_expenditure_lga_2016_2017.26980"},{"type":"Feature","properties":{"adult_population_2017":157370,"region":"Metro","egms_per_1000_adults_2017":4,"exp_per_adult_2017_aud":679.89,"seifa_advdis_score_advdis_score":983.36,"lga_code11":"27070","seifa_dis_rank_state":38,"total_net_expenditure_aud":1.0699464275E8,"seifa_dis_rank_country":null,"adults_per_venue_2017":15737,"unemployment_rate_as_at_june_2017":7.31,"lga_name":"Whittlesea (C)","workforce_as_at_june_2017":111495,"seifa_dis_score_dis_score":988.6,"seifa_advdis_rank_country":null,"seifa_advdis_rank_metro":4,"unemployed_as_at_june_2017":8151,"seifa_dis_rank_metro":5,"lga":"M26","seifa_advdis_rank_state":44},"id":"vcglr_egm_density_expenditure_lga_2016_2017.27070"},{"type":"Feature","properties":{"adult_population_2017":30139,"region":"Country","egms_per_1000_adults_2017":4,"exp_per_adult_2017_aud":249.43,"seifa_advdis_score_advdis_score":962.94,"lga_code11":"27170","seifa_dis_rank_state":26,"total_net_expenditure_aud":7517544.65,"seifa_dis_rank_country":22,"adults_per_venue_2017":10046,"unemployment_rate_as_at_june_2017":5.46,"lga_name":"Wodonga (RC)","workforce_as_at_june_2017":21251,"seifa_dis_score_dis_score":974.67,"seifa_advdis_rank_country":41,"seifa_advdis_rank_metro":null,"unemployed_as_at_june_2017":1161,"seifa_dis_rank_metro":null,"lga":"C15","seifa_advdis_rank_state":26},"id":"vcglr_egm_density_expenditure_lga_2016_2017.27170"},{"type":"Feature","properties":{"adult_population_2017":162786,"region":"Metro","egms_per_1000_adults_2017":5,"exp_per_adult_2017_aud":600.55,"seifa_advdis_score_advdis_score":1007.19,"lga_code11":"27260","seifa_dis_rank_state":55,"total_net_expenditure_aud":9.77612336E7,"seifa_dis_rank_country":null,"adults_per_venue_2017":12522,"unemployment_rate_as_at_june_2017":7.55,"lga_name":"Wyndham (C)","workforce_as_at_june_2017":123025,"seifa_dis_score_dis_score":1013.4,"seifa_advdis_rank_country":null,"seifa_advdis_rank_metro":13,"unemployed_as_at_june_2017":9294,"seifa_dis_rank_metro":12,"lga":"M30","seifa_advdis_rank_state":56},"id":"vcglr_egm_density_expenditure_lga_2016_2017.27260"},{"type":"Feature","properties":{"adult_population_2017":80755,"region":"Metro","egms_per_1000_adults_2017":4,"exp_per_adult_2017_aud":381.42,"seifa_advdis_score_advdis_score":1041.94,"lga_code11":"27350","seifa_dis_rank_state":58,"total_net_expenditure_aud":3.08011958E7,"seifa_dis_rank_country":null,"adults_per_venue_2017":10094,"unemployment_rate_as_at_june_2017":5.73,"lga_name":"Yarra (C)","workforce_as_at_june_2017":58250,"seifa_dis_score_dis_score":1019.05,"seifa_advdis_rank_country":null,"seifa_advdis_rank_metro":23,"unemployed_as_at_june_2017":3335,"seifa_dis_rank_metro":13,"lga":"M4","seifa_advdis_rank_state":66},"id":"vcglr_egm_density_expenditure_lga_2016_2017.27350"},{"type":"Feature","properties":{"adult_population_2017":117730,"region":"Metro","egms_per_1000_adults_2017":4,"exp_per_adult_2017_aud":245.05,"seifa_advdis_score_advdis_score":1022.04,"lga_code11":"27450","seifa_dis_rank_state":64,"total_net_expenditure_aud":2.885008209E7,"seifa_dis_rank_country":null,"adults_per_venue_2017":13081,"unemployment_rate_as_at_june_2017":4.56,"lga_name":"Yarra Ranges (S)","workforce_as_at_june_2017":85358,"seifa_dis_score_dis_score":1037.15,"seifa_advdis_rank_country":null,"seifa_advdis_rank_metro":15,"unemployed_as_at_june_2017":3894,"seifa_dis_rank_metro":18,"lga":"M25","seifa_advdis_rank_state":61},"id":"vcglr_egm_density_expenditure_lga_2016_2017.27450"},{"type":"Feature","properties":{"adult_population_2017":5252,"region":"Country","egms_per_1000_adults_2017":0,"exp_per_adult_2017_aud":0.0,"seifa_advdis_score_advdis_score":942.54,"lga_code11":"27630","seifa_dis_rank_state":14,"total_net_expenditure_aud":null,"seifa_dis_rank_country":11,"adults_per_venue_2017":0,"unemployment_rate_as_at_june_2017":4.97,"lga_name":"Yarriambiack (S)","workforce_as_at_june_2017":3061,"seifa_dis_score_dis_score":952.35,"seifa_advdis_rank_country":5,"seifa_advdis_rank_metro":null,"unemployed_as_at_june_2017":152,"seifa_dis_rank_metro":null,"lga":"C40","seifa_advdis_rank_state":16},"id":"vcglr_egm_density_expenditure_lga_2016_2017.27630"},{"type":"Feature","properties":{"adult_population_2017":86565,"region":"Country","egms_per_1000_adults_2017":7,"exp_per_adult_2017_aud":551.66,"seifa_advdis_score_advdis_score":967.35,"lga_code11":"22620","seifa_dis_rank_state":31,"total_net_expenditure_aud":4.77541272E7,"seifa_dis_rank_country":27,"adults_per_venue_2017":7870,"unemployment_rate_as_at_june_2017":4.34,"lga_name":"Greater Bendigo (C)","workforce_as_at_june_2017":53436,"seifa_dis_score_dis_score":983.07,"seifa_advdis_rank_country":33,"seifa_advdis_rank_metro":null,"unemployed_as_at_june_2017":2318,"seifa_dis_rank_metro":null,"lga":"C19","seifa_advdis_rank_state":29},"id":"vcglr_egm_density_expenditure_lga_2016_2017.22620"},{"type":"Feature","properties":{"adult_population_2017":123853,"region":"Metro","egms_per_1000_adults_2017":8,"exp_per_adult_2017_aud":954.27,"seifa_advdis_score_advdis_score":905.17,"lga_code11":"22670","seifa_dis_rank_state":1,"total_net_expenditure_aud":1.1819009303E8,"seifa_dis_rank_country":null,"adults_per_venue_2017":8257,"unemployment_rate_as_at_june_2017":10.24,"lga_name":"Greater Dandenong (C)","workforce_as_at_june_2017":76502,"seifa_dis_score_dis_score":894.87,"seifa_advdis_rank_country":null,"seifa_advdis_rank_metro":1,"unemployed_as_at_june_2017":7832,"seifa_dis_rank_metro":1,"lga":"M21","seifa_advdis_rank_state":2},"id":"vcglr_egm_density_expenditure_lga_2016_2017.22670"},{"type":"Feature","properties":{"adult_population_2017":185673,"region":"Country","egms_per_1000_adults_2017":7,"exp_per_adult_2017_aud":614.72,"seifa_advdis_score_advdis_score":980.37,"lga_code11":"22750","seifa_dis_rank_state":40,"total_net_expenditure_aud":1.1413638174E8,"seifa_dis_rank_country":34,"adults_per_venue_2017":7141,"unemployment_rate_as_at_june_2017":6.24,"lga_name":"Greater Geelong (C)","workforce_as_at_june_2017":121497,"seifa_dis_score_dis_score":992.9,"seifa_advdis_rank_country":42,"seifa_advdis_rank_metro":null,"unemployed_as_at_june_2017":7578,"seifa_dis_rank_metro":null,"lga":"C21","seifa_advdis_rank_state":39},"id":"vcglr_egm_density_expenditure_lga_2016_2017.22750"},{"type":"Feature","properties":{"adult_population_2017":118747,"region":"Metro","egms_per_1000_adults_2017":7,"exp_per_adult_2017_aud":642.21,"seifa_advdis_score_advdis_score":1073.79,"lga_code11":"22310","seifa_dis_rank_state":75,"total_net_expenditure_aud":7.625982019E7,"seifa_dis_rank_country":null,"adults_per_venue_2017":10795,"unemployment_rate_as_at_june_2017":4.02,"lga_name":"Glen Eira (C)","workforce_as_at_june_2017":80095,"seifa_dis_score_dis_score":1069.41,"seifa_advdis_rank_country":null,"seifa_advdis_rank_metro":24,"unemployed_as_at_june_2017":3217,"seifa_dis_rank_metro":26,"lga":"M7","seifa_advdis_rank_state":74},"id":"vcglr_egm_density_expenditure_lga_2016_2017.22310"},{"type":"Feature","properties":{"adult_population_2017":14934,"region":"Country","egms_per_1000_adults_2017":8,"exp_per_adult_2017_aud":443.04,"seifa_advdis_score_advdis_score":943.44,"lga_code11":"22410","seifa_dis_rank_state":19,"total_net_expenditure_aud":6616359.12,"seifa_dis_rank_country":16,"adults_per_venue_2017":3733,"unemployment_rate_as_at_june_2017":5.6,"lga_name":"Glenelg (S)","workforce_as_at_june_2017":10481,"seifa_dis_score_dis_score":960.19,"seifa_advdis_rank_country":13,"seifa_advdis_rank_metro":null,"unemployed_as_at_june_2017":587,"seifa_dis_rank_metro":null,"lga":"C25","seifa_advdis_rank_state":17},"id":"vcglr_egm_density_expenditure_lga_2016_2017.22410"},{"type":"Feature","properties":{"adult_population_2017":15815,"region":"Country","egms_per_1000_adults_2017":0,"exp_per_adult_2017_aud":0.0,"seifa_advdis_score_advdis_score":1011.08,"lga_code11":"22490","seifa_dis_rank_state":63,"total_net_expenditure_aud":null,"seifa_dis_rank_country":45,"adults_per_venue_2017":0,"unemployment_rate_as_at_june_2017":3.17,"lga_name":"Golden Plains (S)","workforce_as_at_june_2017":11726,"seifa_dis_score_dis_score":1030.1,"seifa_advdis_rank_country":44,"seifa_advdis_rank_metro":null,"unemployed_as_at_june_2017":372,"seifa_dis_rank_metro":null,"lga":"C32","seifa_advdis_rank_state":58},"id":"vcglr_egm_density_expenditure_lga_2016_2017.22490"}]}